tourist_id,food_interest,culture_interest,adventure_interest,pace_preference,budget_level,language,age_group,travel_style,energy_curve
T98696,0.712,0.22,0.348,0.301,0.763,zh,65+,group,0.113|0.137|0.193|0.341|0.324|0.386|0.381|0.268|0.614|0.495|0.909|0.831|0.412|0.596|0.495|0.451|0.834|0.372|0.566|0.551|0.541|0.206|0.117|0.284
T57400,0.3,0.938,0.171,0.364,0.666,de,18-25,solo,0.365|0.409|0.494|0.442|0.447|0.252|0.281|0.434|0.414|0.549|0.769|0.791|0.778|0.350|0.744|0.674|0.471|0.624|0.489|0.948|0.782|0.188|0.230|0.407
T84341,0.245,0.857,0.825,0.461,0.16,ko,26-35,group,0.258|0.466|0.284|0.206|0.199|0.325|0.205|0.334|0.928|0.580|0.454|0.998|0.657|0.364|0.333|0.377|0.739|0.854|0.596|0.344|0.567|0.498|0.312|0.488
T44973,0.889,0.209,0.749,0.714,0.583,ko,18-25,family,0.274|0.281|0.482|0.450|0.205|0.300|0.171|0.465|0.909|0.509|0.747|0.726|0.407|0.834|0.678|0.845|0.671|0.300|0.527|0.314|0.950|0.451|0.433|0.223
T19071,0.246,0.902,0.952,0.177,0.537,fr,26-35,group,0.479|0.166|0.311|0.343|0.486|0.472|0.402|0.376|0.799|0.579|0.770|0.561|0.930|0.616|0.474|0.345|0.315|0.688|0.712|0.305|0.795|0.124|0.127|0.113
T84847,0.464,0.611,0.351,0.537,0.585,th,26-35,group,0.423|0.176|0.139|0.272|0.269|0.287|0.392|0.369|0.989|0.369|0.582|0.538|0.903|0.474|0.433|0.614|0.595|0.495|0.475|0.946|0.610|0.445|0.320|0.120
T31798,0.999,0.869,0.972,0.934,0.864,ru,51-65,group,0.185|0.260|0.123|0.252|0.494|0.206|0.414|0.282|0.596|0.970|0.997|0.689|0.803|0.408|0.508|0.978|0.705|0.680|0.824|0.340|0.709|0.301|0.441|0.163
T40828,0.969,0.264,0.267,0.636,0.708,ru,18-25,couple,0.332|0.116|0.133|0.363|0.326|0.227|0.204|0.368|0.520|0.486|0.392|0.752|0.620|0.950|0.955|0.307|0.735|0.694|0.370|0.676|0.654|0.153|0.240|0.128
T95717,0.395,0.428,0.494,0.589,0.372,en,65+,family,0.473|0.141|0.451|0.206|0.456|0.397|0.162|0.213|0.447|0.540|0.781|0.897|0.654|0.476|0.936|0.336|0.744|0.881|0.331|0.533|0.392|0.492|0.165|0.277
T29536,0.765,0.649,0.201,0.951,0.722,en,36-50,couple,0.272|0.117|0.246|0.473|0.489|0.116|0.243|0.373|0.767|0.548|0.692|0.912|0.982|0.825|0.948|0.466|0.414|0.860|0.424|0.589|0.426|0.470|0.413|0.265
T60140,0.736,0.788,0.323,0.243,0.731,en,51-65,couple,0.180|0.467|0.240|0.428|0.449|0.189|0.364|0.259|0.495|0.349|0.841|0.546|0.657|0.776|0.891|0.532|0.319|0.914|0.483|0.706|0.988|0.115|0.339|0.238
T34914,0.829,0.549,0.986,0.204,0.91,ja,18-25,group,0.101|0.470|0.315|0.388|0.397|0.368|0.246|0.128|0.765|0.531|0.520|0.894|0.804|0.510|0.516|0.586|0.582|0.507|0.389|0.594|0.958|0.371|0.461|0.346
T86019,0.441,0.638,0.1,0.358,0.487,ko,51-65,group,0.277|0.185|0.289|0.460|0.418|0.168|0.134|0.306|0.743|0.535|0.873|0.826|0.771|0.457|0.439|0.317|0.471|0.633|0.895|0.351|0.590|0.352|0.178|0.379
T23970,0.596,0.395,0.69,0.105,0.776,ru,26-35,couple,0.422|0.378|0.286|0.323|0.467|0.149|0.153|0.286|0.672|0.691|0.522|0.829|0.610|0.871|0.924|0.599|0.935|0.612|0.411|0.903|0.615|0.401|0.436|0.211
T40735,0.822,0.588,0.315,0.496,0.742,ja,36-50,family,0.457|0.132|0.160|0.253|0.161|0.186|0.266|0.232|0.626|0.344|0.883|0.573|0.839|0.962|0.314|0.916|0.703|0.634|0.960|0.509|0.573|0.457|0.434|0.315
T73654,0.788,0.84,0.908,0.539,0.346,en,51-65,family,0.368|0.419|0.390|0.436|0.468|0.492|0.314|0.463|0.714|0.764|0.359|0.600|0.907|0.427|0.482|0.529|0.618|0.536|0.916|0.495|0.966|0.269|0.434|0.288
T95426,0.799,0.242,0.957,0.302,0.162,en,18-25,couple,0.180|0.108|0.161|0.150|0.368|0.326|0.187|0.380|0.837|0.417|0.725|0.824|0.380|0.874|0.975|0.376|0.318|0.518|0.774|0.971|0.578|0.386|0.130|0.376
T25866,0.702,0.282,0.795,0.865,0.64,en,36-50,group,0.365|0.128|0.359|0.105|0.268|0.296|0.273|0.245|0.924|0.622|0.407|0.423|0.665|0.755|0.731|0.944|0.842|0.625|0.878|0.715|0.526|0.198|0.474|0.212
T74789,0.561,0.8,0.613,0.701,0.403,ko,26-35,group,0.185|0.419|0.236|0.452|0.380|0.211|0.104|0.479|0.360|0.804|0.642|0.831|0.783|0.752|0.644|0.855|0.365|0.455|0.784|0.514|0.707|0.289|0.312|0.270
T25814,0.797,0.465,0.733,0.344,0.326,de,36-50,solo,0.397|0.480|0.376|0.177|0.395|0.211|0.336|0.404|0.718|0.986|0.883|0.507|0.553|0.512|0.796|0.389|0.332|0.338|0.504|0.961|0.747|0.401|0.141|0.105
T72616,0.427,0.583,0.407,0.969,0.327,zh,18-25,group,0.297|0.331|0.375|0.161|0.424|0.480|0.134|0.199|0.691|0.591|0.717|0.733|0.843|0.566|0.936|0.508|0.712|0.600|0.698|0.342|0.972|0.140|0.405|0.350
T63545,0.412,0.265,0.316,0.597,0.241,th,65+,group,0.217|0.193|0.383|0.381|0.282|0.375|0.470|0.415|0.738|0.763|0.954|0.598|0.681|0.753|0.936|0.879|0.350|0.416|0.515|0.824|0.698|0.215|0.150|0.375
T15224,0.76,0.954,0.55,0.544,0.172,ru,36-50,family,0.110|0.192|0.370|0.444|0.335|0.108|0.406|0.429|0.703|0.834|0.423|0.663|0.610|0.495|0.998|0.605|0.870|0.978|0.629|0.586|0.525|0.142|0.164|0.265
T21542,0.596,0.73,0.46,0.784,0.133,ko,36-50,family,0.146|0.409|0.446|0.430|0.100|0.448|0.285|0.122|0.663|0.736|0.649|0.609|0.336|0.487|0.392|0.502|0.917|0.639|0.320|0.741|0.860|0.384|0.224|0.105
T94896,0.526,0.38,0.857,0.202,0.952,fr,51-65,family,0.304|0.209|0.434|0.492|0.197|0.321|0.253|0.469|0.656|0.916|0.905|0.493|0.853|0.590|0.954|0.655|0.874|0.498|0.509|0.711|0.999|0.296|0.159|0.315
T34727,0.476,0.642,0.589,0.51,0.39,de,65+,group,0.193|0.410|0.117|0.398|0.382|0.425|0.254|0.365|0.875|0.987|0.647|0.326|0.652|0.713|0.909|0.912|0.608|0.668|0.620|0.806|0.587|0.362|0.162|0.288
T98389,0.975,0.471,0.723,0.685,0.867,ru,36-50,group,0.449|0.114|0.127|0.352|0.468|0.499|0.399|0.274|0.369|0.744|0.911|0.611|0.786|0.932|0.332|0.857|0.505|0.562|0.402|0.672|0.696|0.417|0.168|0.132
T70443,0.897,0.696,0.317,0.922,0.229,ja,51-65,family,0.367|0.460|0.286|0.215|0.319|0.130|0.478|0.495|0.509|0.973|0.783|0.620|0.511|1.000|0.897|0.375|0.567|0.551|0.507|0.789|0.315|0.432|0.258|0.103
T47512,0.892,0.823,0.976,0.92,0.771,de,65+,family,0.188|0.176|0.200|0.402|0.407|0.372|0.155|0.139|0.739|0.328|0.852|0.323|0.555|0.392|0.937|0.529|0.591|0.441|0.851|0.914|0.556|0.301|0.209|0.166
T25095,0.931,0.955,0.971,0.366,0.883,th,18-25,couple,0.402|0.190|0.371|0.370|0.259|0.438|0.323|0.136|0.576|0.485|0.387|0.558|0.824|0.484|0.567|0.747|0.560|0.772|0.630|0.734|0.960|0.231|0.344|0.359
T15943,0.708,0.571,0.731,0.684,0.205,en,36-50,group,0.146|0.194|0.315|0.255|0.248|0.480|0.379|0.316|0.711|0.809|0.920|0.758|0.884|0.731|0.957|0.496|0.783|0.452|0.611|0.465|0.554|0.492|0.247|0.461
T69600,0.716,0.248,0.348,0.971,0.954,zh,26-35,solo,0.120|0.233|0.496|0.415|0.182|0.432|0.322|0.335|0.869|0.463|0.842|0.852|0.717|0.494|0.989|0.991|0.678|0.859|0.377|0.907|0.392|0.243|0.415|0.336
T18330,0.213,0.412,0.214,0.479,0.202,th,51-65,family,0.305|0.144|0.302|0.478|0.117|0.413|0.447|0.309|0.621|0.975|0.343|0.635|0.581|0.780|0.643|0.937|0.351|0.357|0.726|0.346|0.493|0.353|0.319|0.230
T24996,0.996,0.624,0.508,0.645,0.189,de,51-65,group,0.455|0.266|0.431|0.259|0.392|0.225|0.225|0.202|0.968|0.781|0.632|0.364|0.360|0.602|0.821|0.561|0.391|0.342|0.970|0.693|0.769|0.264|0.449|0.476
T23579,0.538,0.933,0.146,0.359,0.381,de,26-35,group,0.190|0.143|0.438|0.247|0.405|0.330|0.423|0.438|0.982|0.873|0.730|0.750|0.318|0.950|0.881|0.487|0.426|0.792|0.516|0.538|0.304|0.448|0.327|0.260
T65028,0.313,0.707,0.128,0.772,0.294,th,36-50,couple,0.248|0.389|0.411|0.327|0.134|0.121|0.163|0.347|0.772|0.490|0.763|0.640|0.609|0.491|0.828|0.380|0.601|0.498|0.775|0.641|0.767|0.118|0.258|0.340
T53007,0.206,0.441,0.29,0.224,0.33,zh,18-25,group,0.399|0.170|0.252|0.381|0.300|0.433|0.422|0.129|0.903|0.330|0.313|0.945|0.903|0.703|0.701|0.797|0.592|0.381|0.315|0.527|0.861|0.347|0.433|0.468
T61873,0.271,0.876,0.319,0.63,0.572,ja,36-50,couple,0.233|0.167|0.304|0.146|0.304|0.462|0.240|0.391|0.873|0.871|0.465|0.403|0.438|0.722|0.832|0.759|0.424|0.841|0.646|0.828|0.832|0.280|0.470|0.326
T18950,0.708,0.7,0.878,0.664,0.236,th,51-65,family,0.419|0.337|0.241|0.130|0.285|0.115|0.247|0.215|0.751|0.984|0.363|0.716|0.569|0.706|0.968|0.817|0.329|0.936|0.700|0.432|0.724|0.301|0.483|0.280
T15130,0.849,0.87,0.984,0.176,0.682,de,51-65,group,0.310|0.344|0.246|0.467|0.255|0.410|0.372|0.121|0.742|0.534|0.531|0.691|0.571|0.476|0.896|0.975|0.722|0.405|0.357|0.765|0.942|0.224|0.362|0.365
T53054,0.303,0.767,0.176,0.603,0.679,fr,65+,solo,0.358|0.269|0.245|0.245|0.172|0.186|0.479|0.295|0.459|0.396|0.354|0.891|0.371|0.840|0.885|0.919|0.326|0.536|0.836|0.392|0.564|0.165|0.433|0.408
T41133,0.847,0.332,0.494,0.47,0.709,th,65+,family,0.401|0.414|0.194|0.196|0.486|0.414|0.462|0.178|0.775|0.699|0.608|0.839|0.845|0.652|0.593|0.413|0.440|0.723|0.911|0.337|0.636|0.248|0.474|0.385
T77286,0.613,0.3,0.175,0.244,0.504,fr,51-65,solo,0.479|0.189|0.280|0.240|0.111|0.121|0.301|0.194|0.996|0.562|0.320|0.952|0.887|0.755|0.854|0.396|0.501|0.881|0.787|0.397|0.794|0.279|0.102|0.132
T24573,0.405,0.868,0.594,0.755,0.575,ja,26-35,family,0.149|0.195|0.356|0.349|0.125|0.435|0.300|0.314|0.742|0.703|0.803|0.504|0.301|0.547|0.699|0.431|0.768|0.666|0.552|0.967|0.681|0.415|0.303|0.108
T56805,0.899,0.235,0.448,0.436,0.773,zh,36-50,couple,0.393|0.351|0.409|0.394|0.233|0.118|0.318|0.425|0.423|0.845|0.625|0.787|0.742|0.868|0.344|0.843|0.620|0.505|0.331|0.440|0.329|0.473|0.306|0.496
T16265,0.634,0.403,0.778,0.272,0.421,ko,36-50,solo,0.420|0.275|0.260|0.276|0.483|0.236|0.175|0.377|0.557|0.858|0.487|0.358|0.597|0.601|0.997|0.426|0.506|0.372|0.530|0.507|0.612|0.387|0.167|0.278
T93816,0.558,0.781,0.92,0.653,0.491,en,18-25,group,0.245|0.420|0.372|0.481|0.157|0.343|0.413|0.114|0.347|0.845|0.556|0.568|0.697|0.724|0.775|0.964|0.560|0.834|0.702|0.671|0.579|0.360|0.200|0.145
T44116,0.789,0.599,0.448,0.606,0.336,th,26-35,family,0.378|0.499|0.180|0.154|0.130|0.169|0.385|0.499|0.867|0.977|0.991|0.767|0.797|0.685|0.503|0.510|0.410|0.797|0.790|0.422|0.553|0.190|0.494|0.417
T82305,0.389,0.595,0.425,0.615,0.521,fr,65+,solo,0.126|0.259|0.387|0.291|0.264|0.264|0.330|0.150|0.522|0.352|0.626|0.662|0.390|0.880|0.686|0.711|0.837|0.390|0.652|0.908|0.882|0.307|0.222|0.165
T20336,0.948,0.38,0.953,0.567,0.356,ja,26-35,family,0.150|0.221|0.313|0.301|0.167|0.477|0.162|0.363|0.804|0.724|0.890|0.695|0.878|0.320|0.332|0.749|0.704|0.756|0.837|0.592|0.747|0.299|0.351|0.216
T19564,0.965,0.586,0.824,0.716,0.368,en,26-35,group,0.266|0.286|0.236|0.157|0.445|0.228|0.495|0.238|0.579|0.832|0.660|0.374|0.469|0.386|0.615|0.399|0.335|0.962|0.905|0.593|0.974|0.461|0.425|0.474
T50441,0.777,0.352,0.243,0.996,0.52,th,18-25,solo,0.478|0.302|0.487|0.186|0.241|0.120|0.298|0.453|0.758|0.629|0.676|0.893|0.602|0.918|0.809|0.835|0.556|0.580|0.699|0.436|0.687|0.129|0.302|0.406
T61629,0.424,0.991,0.712,0.207,0.978,ko,36-50,family,0.402|0.180|0.304|0.300|0.118|0.155|0.233|0.289|0.620|0.724|0.661|0.530|0.729|0.414|0.993|0.818|0.509|0.535|0.880|0.673|0.796|0.220|0.426|0.247
T92478,0.739,0.984,0.625,0.817,0.753,en,65+,group,0.206|0.362|0.489|0.331|0.191|0.121|0.292|0.310|0.805|0.842|0.566|0.875|0.470|0.701|0.790|0.434|0.609|0.593|0.589|0.443|0.651|0.345|0.289|0.439
T72701,0.782,0.765,0.567,0.605,0.998,ru,36-50,couple,0.284|0.313|0.319|0.370|0.447|0.372|0.421|0.206|0.639|0.970|0.495|0.509|0.959|0.988|0.840|0.793|0.783|0.642|0.636|0.692|0.954|0.389|0.215|0.329
T29198,0.635,0.917,0.455,0.411,0.796,ja,18-25,family,0.482|0.132|0.470|0.362|0.399|0.186|0.431|0.208|0.693|0.490|0.376|0.819|0.467|0.336|0.934|0.458|0.463|0.370|0.531|0.631|0.777|0.155|0.486|0.491
T47649,0.326,0.722,0.893,0.528,0.685,ko,36-50,solo,0.463|0.136|0.330|0.314|0.389|0.475|0.465|0.170|0.918|0.423|0.944|0.998|0.578|0.647|0.956|0.973|0.948|0.914|0.306|0.698|0.375|0.493|0.214|0.496
T35272,0.635,0.595,0.945,0.866,0.521,zh,36-50,couple,0.392|0.359|0.387|0.106|0.235|0.218|0.370|0.177|0.728|0.747|0.584|0.599|0.530|0.581|0.367|0.987|0.634|0.955|0.305|0.569|0.613|0.207|0.232|0.333
T71000,0.658,0.409,0.424,0.313,0.701,ja,26-35,group,0.374|0.469|0.455|0.408|0.376|0.355|0.476|0.247|0.455|0.970|0.635|0.618|0.992|0.562|0.791|0.939|0.830|0.861|0.878|0.833|0.776|0.338|0.415|0.310
T76255,0.623,0.489,0.926,0.201,0.846,de,65+,couple,0.166|0.442|0.277|0.372|0.387|0.296|0.460|0.278|0.339|0.392|0.591|0.695|0.691|0.771|0.516|0.315|0.478|0.302|0.453|0.351|0.597|0.380|0.316|0.124
T27750,0.915,0.989,0.525,0.358,0.262,ru,36-50,group,0.279|0.467|0.251|0.132|0.486|0.450|0.153|0.444|0.383|0.995|0.575|0.389|0.985|0.884|0.829|0.985|0.624|0.803|0.597|0.565|0.461|0.284|0.162|0.175
T12050,0.9,0.812,0.129,0.694,0.653,de,26-35,solo,0.140|0.113|0.339|0.381|0.119|0.396|0.261|0.194|0.452|0.905|0.340|0.653|0.502|0.871|0.812|0.523|0.719|0.771|0.524|0.511|0.400|0.364|0.188|0.220
T65994,0.249,0.959,0.892,0.92,0.663,th,18-25,family,0.477|0.369|0.414|0.227|0.267|0.160|0.251|0.402|0.631|0.895|0.511|0.795|0.864|0.940|0.694|0.977|0.690|0.394|0.470|0.442|0.753|0.469|0.439|0.137
T19539,0.78,0.352,0.342,0.706,0.643,de,65+,couple,0.292|0.448|0.233|0.483|0.106|0.475|0.485|0.147|1.000|0.635|0.470|0.723|0.443|0.941|0.686|0.843|0.566|0.674|0.551|0.483|0.659|0.299|0.139|0.493
T83731,0.576,0.872,0.923,0.434,0.473,de,26-35,solo,0.204|0.474|0.332|0.267|0.161|0.232|0.252|0.433|0.650|0.758|0.779|0.480|0.875|0.977|0.749|0.643|0.418|0.856|0.418|0.804|0.642|0.467|0.317|0.357
T10836,0.247,0.227,0.862,0.951,0.701,ru,26-35,couple,0.127|0.160|0.187|0.282|0.124|0.355|0.474|0.465|0.761|0.311|0.673|0.588|0.312|0.806|0.675|0.501|0.652|0.789|0.601|0.958|0.425|0.467|0.310|0.196
T63218,0.696,0.402,0.419,0.815,0.171,th,65+,couple,0.496|0.190|0.374|0.439|0.361|0.443|0.404|0.137|0.565|0.687|0.339|0.307|0.420|0.650|0.604|0.849|0.696|0.901|0.367|0.670|0.330|0.185|0.447|0.455
T83860,0.58,0.237,0.167,0.933,0.909,en,26-35,family,0.106|0.183|0.158|0.428|0.428|0.472|0.220|0.326|0.697|0.895|0.774|0.678|0.569|0.818|0.853|0.783|0.355|0.822|0.542|0.368|0.463|0.130|0.342|0.346
T69054,0.676,0.975,0.394,0.671,0.805,th,26-35,family,0.321|0.250|0.174|0.334|0.252|0.409|0.218|0.199|0.351|0.488|0.566|0.849|0.408|0.573|0.552|0.364|0.960|0.611|0.833|0.372|0.361|0.272|0.323|0.305
T60493,0.283,0.272,0.599,0.637,0.806,en,36-50,group,0.255|0.134|0.460|0.462|0.491|0.329|0.168|0.252|0.397|0.511|0.645|0.344|0.604|0.595|0.639|0.354|0.476|0.473|0.738|0.716|0.437|0.143|0.222|0.480
T95332,0.466,0.696,0.824,0.397,0.401,fr,36-50,family,0.341|0.378|0.292|0.171|0.259|0.228|0.394|0.353|0.977|0.847|0.528|0.496|0.850|0.556|0.952|0.440|0.998|0.426|0.837|0.319|0.809|0.477|0.184|0.419
T28242,0.865,0.255,0.863,0.816,0.706,ja,26-35,family,0.363|0.386|0.416|0.130|0.496|0.292|0.260|0.303|0.944|0.784|0.681|0.854|0.552|0.927|0.676|0.747|0.359|0.838|0.760|0.549|0.753|0.118|0.493|0.371
T43913,0.52,0.802,0.969,0.487,0.109,de,65+,couple,0.278|0.256|0.409|0.335|0.300|0.238|0.110|0.142|0.591|0.973|0.381|0.958|0.399|0.518|0.619|0.445|0.638|0.633|0.607|0.788|0.523|0.220|0.424|0.146
T41970,0.879,0.718,0.709,0.248,0.986,fr,65+,couple,0.232|0.271|0.285|0.419|0.352|0.175|0.363|0.258|0.816|0.918|0.615|0.601|0.303|0.450|0.495|0.793|0.857|0.704|0.860|0.676|0.556|0.179|0.146|0.368
T24972,0.592,0.973,0.382,0.45,0.453,ko,36-50,group,0.347|0.425|0.382|0.219|0.346|0.134|0.154|0.147|0.514|0.428|0.785|0.658|0.593|0.397|0.569|0.430|0.745|0.785|0.752|1.000|0.688|0.296|0.156|0.226
T60324,0.561,0.243,0.423,0.109,0.223,th,51-65,group,0.266|0.436|0.295|0.133|0.112|0.404|0.217|0.210|0.676|0.418|0.620|0.820|0.836|0.685|0.379|0.380|0.843|0.876|0.557|0.876|0.329|0.388|0.319|0.496
T68947,0.282,0.864,0.776,0.368,0.999,ja,36-50,solo,0.276|0.498|0.410|0.195|0.424|0.335|0.240|0.384|0.743|0.416|0.397|0.445|0.445|0.342|0.546|0.497|0.677|0.527|0.793|0.503|0.487|0.443|0.494|0.372
T95969,0.276,0.97,0.807,0.927,0.993,fr,26-35,couple,0.158|0.229|0.199|0.437|0.257|0.157|0.353|0.351|0.563|0.353|0.856|0.838|0.582|0.825|0.786|0.914|0.618|0.642|0.707|0.908|0.893|0.137|0.489|0.354
T37767,0.758,0.88,0.816,0.458,0.971,th,36-50,family,0.431|0.235|0.331|0.326|0.294|0.237|0.373|0.119|0.370|0.849|0.622|0.387|0.900|0.609|0.300|0.971|0.442|0.782|0.392|0.755|0.411|0.473|0.210|0.362
T50043,0.4,0.497,0.913,0.249,0.457,de,51-65,solo,0.381|0.100|0.291|0.153|0.190|0.372|0.104|0.378|0.872|0.992|0.596|0.393|0.350|0.568|0.812|0.372|0.519|0.917|0.396|0.841|0.827|0.153|0.497|0.157
T92323,0.624,0.207,0.685,0.496,0.75,fr,51-65,group,0.444|0.135|0.140|0.401|0.336|0.254|0.485|0.226|0.398|0.494|0.359|0.687|0.720|0.725|0.845|0.783|0.894|0.761|0.511|0.662|0.657|0.399|0.218|0.122
T87847,0.918,0.964,0.545,0.201,0.55,zh,65+,solo,0.495|0.474|0.153|0.444|0.327|0.246|0.373|0.405|0.968|0.839|0.312|0.347|0.484|0.328|0.342|0.853|0.655|0.740|0.651|0.591|0.791|0.133|0.315|0.346
T80305,0.422,0.448,0.56,0.283,0.827,ko,51-65,solo,0.224|0.275|0.481|0.195|0.198|0.470|0.146|0.345|0.339|0.766|0.761|0.423|0.309|0.396|0.308|0.647|0.543|0.662|0.876|0.481|0.560|0.400|0.449|0.393
T44465,0.294,0.92,0.402,0.486,0.571,zh,51-65,group,0.304|0.122|0.444|0.167|0.163|0.409|0.458|0.370|0.381|0.819|0.302|0.901|0.309|0.332|0.555|0.944|0.425|0.972|0.325|0.862|0.800|0.362|0.190|0.199
T98254,0.933,0.456,0.843,0.614,0.207,en,26-35,couple,0.422|0.493|0.482|0.128|0.286|0.213|0.438|0.231|0.687|0.306|0.440|0.695|0.513|0.736|0.625|0.714|0.645|0.841|0.437|0.930|0.832|0.198|0.103|0.264
T10191,0.386,0.477,0.856,0.889,0.956,ru,36-50,solo,0.182|0.493|0.268|0.484|0.489|0.157|0.212|0.118|0.462|0.892|0.589|0.927|0.621|0.824|0.707|0.654|0.746|0.576|0.714|0.344|0.764|0.152|0.217|0.440
T40619,0.941,0.514,0.849,0.394,0.507,zh,26-35,couple,0.412|0.334|0.162|0.166|0.286|0.263|0.314|0.486|0.445|0.516|0.486|0.384|0.410|0.780|0.878|0.788|0.328|0.885|0.529|0.364|0.474|0.242|0.305|0.371
T82105,0.408,0.993,0.128,0.464,0.507,de,18-25,group,0.141|0.418|0.149|0.125|0.412|0.189|0.179|0.260|0.780|0.956|0.359|0.710|0.942|0.352|0.998|0.438|0.752|0.867|0.364|0.893|0.866|0.149|0.477|0.120
T65923,0.939,0.547,0.752,0.547,0.444,fr,36-50,couple,0.463|0.210|0.278|0.159|0.346|0.347|0.359|0.300|0.918|0.635|0.361|0.568|0.593|0.750|0.858|0.474|0.996|0.681|0.314|0.568|0.799|0.292|0.413|0.238
T13840,0.653,0.457,0.343,0.123,0.637,ja,18-25,group,0.312|0.407|0.500|0.490|0.140|0.363|0.207|0.427|0.942|0.339|0.997|0.454|0.893|0.858|0.548|0.887|0.892|0.423|0.715|0.864|0.788|0.466|0.111|0.380
T74517,0.958,0.651,0.607,0.269,0.989,ja,26-35,group,0.115|0.122|0.341|0.108|0.291|0.233|0.346|0.423|0.539|0.424|0.862|0.908|0.342|0.403|0.793|0.399|0.378|0.668|0.555|0.351|0.793|0.365|0.334|0.235
T73858,0.458,0.981,0.759,0.493,0.675,ko,26-35,family,0.189|0.336|0.170|0.223|0.375|0.151|0.392|0.480|0.964|0.574|0.996|0.976|0.323|0.722|0.945|0.977|0.455|0.696|0.956|0.398|0.822|0.195|0.493|0.167
T68540,0.908,0.271,0.738,0.675,0.898,en,36-50,couple,0.200|0.127|0.203|0.143|0.101|0.254|0.393|0.488|0.919|0.645|0.565|0.682|0.371|0.636|0.905|0.756|0.781|0.414|0.352|0.892|0.506|0.227|0.481|0.130
T22203,0.336,0.5,0.759,0.592,0.908,ko,65+,group,0.382|0.273|0.361|0.343|0.274|0.121|0.232|0.490|0.586|0.688|0.948|0.678|0.762|0.508|0.367|0.575|0.685|0.644|0.338|0.303|0.361|0.430|0.350|0.292
T25139,0.278,0.366,0.674,0.979,0.526,ja,51-65,group,0.296|0.364|0.136|0.318|0.174|0.454|0.248|0.278|0.484|0.626|0.458|0.488|0.343|0.827|0.767|0.360|0.541|0.679|0.979|0.713|0.688|0.436|0.427|0.267
T20348,0.628,0.894,0.527,0.893,0.529,ru,18-25,couple,0.148|0.403|0.169|0.494|0.489|0.423|0.150|0.269|0.992|0.605|0.998|0.739|0.884|0.481|0.938|0.940|0.347|0.572|0.578|0.528|0.493|0.283|0.449|0.415
T87061,0.698,0.618,0.478,0.473,0.233,zh,18-25,solo,0.414|0.447|0.452|0.451|0.206|0.362|0.329|0.289|0.421|0.582|0.733|0.777|0.581|0.577|0.915|0.783|0.335|0.633|0.488|0.561|0.537|0.417|0.224|0.437
T68079,0.887,0.748,0.975,0.305,0.37,ko,36-50,group,0.342|0.136|0.277|0.465|0.263|0.294|0.307|0.250|0.339|0.854|0.346|0.797|0.582|0.846|0.667|0.698|0.422|0.913|0.441|0.340|0.323|0.120|0.244|0.180
T41711,0.495,0.571,0.457,0.931,0.713,ko,51-65,group,0.171|0.448|0.335|0.240|0.165|0.458|0.400|0.376|0.500|0.571|0.414|0.701|0.975|0.900|0.753|0.774|0.488|0.587|0.314|0.846|0.837|0.104|0.465|0.359
T94245,0.681,0.207,0.327,0.825,0.375,ja,51-65,group,0.441|0.284|0.187|0.221|0.308|0.349|0.334|0.103|1.000|0.977|0.888|0.693|0.716|0.498|0.779|0.637|0.535|0.494|0.528|0.494|0.759|0.481|0.361|0.175
T62965,0.614,0.392,0.151,0.872,0.829,ko,26-35,solo,0.362|0.499|0.204|0.267|0.255|0.114|0.383|0.329|0.433|0.809|0.456|0.674|0.849|0.935|0.770|0.655|0.892|0.888|0.914|0.427|0.368|0.151|0.203|0.423
T56567,0.81,0.346,0.712,0.402,0.18,de,36-50,group,0.415|0.233|0.204|0.218|0.440|0.288|0.447|0.333|0.961|0.350|0.923|0.650|0.907|0.567|0.509|0.338|0.898|0.396|0.440|0.586|0.699|0.463|0.283|0.227
T93165,0.773,0.823,0.539,0.668,0.259,en,18-25,group,0.209|0.404|0.167|0.406|0.296|0.405|0.135|0.346|0.743|0.582|0.976|0.568|0.326|0.440|0.561|0.310|0.526|0.883|0.433|0.774|0.739|0.200|0.377|0.238
T49085,0.303,0.507,0.63,0.25,0.841,ja,51-65,family,0.273|0.375|0.154|0.498|0.296|0.400|0.166|0.463|0.868|0.313|0.457|0.989|0.448|0.315|0.653|0.386|0.798|0.854|0.563|0.748|0.840|0.349|0.338|0.119
T26199,0.286,0.869,0.143,0.204,0.5,ja,51-65,couple,0.182|0.374|0.104|0.268|0.140|0.308|0.349|0.380|0.593|0.929|0.658|0.732|0.498|0.849|0.648|0.726|0.845|0.882|0.981|0.551|0.587|0.164|0.319|0.464
T24474,0.751,0.585,0.311,0.111,0.18,th,26-35,solo,0.412|0.130|0.389|0.462|0.358|0.283|0.491|0.206|0.335|0.869|0.912|0.897|0.552|0.774|0.598|0.381|0.896|0.923|0.307|0.397|0.753|0.231|0.458|0.482
T62461,0.415,0.786,0.435,0.408,0.202,th,36-50,group,0.376|0.291|0.269|0.454|0.167|0.153|0.391|0.493|0.891|0.373|0.938|0.638|0.698|0.607|0.728|0.845|0.728|0.904|0.916|0.809|0.924|0.293|0.295|0.455
T78788,0.553,0.251,0.689,0.111,0.881,de,36-50,solo,0.273|0.391|0.293|0.365|0.357|0.159|0.431|0.457|0.729|0.308|0.954|0.654|0.629|0.647|0.416|0.826|0.524|0.532|0.495|0.655|0.685|0.251|0.427|0.132
T75191,0.555,0.658,0.179,0.549,0.384,en,18-25,group,0.265|0.323|0.100|0.136|0.342|0.348|0.222|0.303|0.445|0.770|0.965|0.554|0.338|0.456|0.618|0.692|0.734|0.631|0.760|0.801|0.380|0.404|0.189|0.237
T16000,0.864,0.972,0.363,0.57,0.732,fr,51-65,couple,0.429|0.397|0.264|0.202|0.178|0.148|0.441|0.186|0.877|0.433|0.537|0.830|0.333|0.743|0.770|0.386|0.924|0.620|0.713|0.653|0.975|0.102|0.394|0.321
T85832,0.546,0.668,0.932,0.803,0.919,fr,26-35,solo,0.255|0.340|0.453|0.302|0.254|0.492|0.466|0.405|0.492|0.975|0.979|0.617|0.393|0.589|0.790|0.824|0.509|0.791|0.902|0.798|0.955|0.353|0.180|0.350
T33306,0.432,0.476,0.705,0.983,0.685,ko,18-25,family,0.325|0.333|0.477|0.384|0.370|0.458|0.314|0.451|0.596|0.309|0.375|0.567|0.337|0.340|0.487|0.850|0.988|0.778|0.402|0.343|0.849|0.182|0.316|0.243
T94819,0.562,0.693,0.708,0.606,0.302,ru,26-35,family,0.377|0.119|0.253|0.267|0.415|0.374|0.486|0.122|0.821|0.442|0.908|0.902|0.610|0.458|0.744|0.797|0.557|0.712|0.817|0.438|0.807|0.177|0.280|0.493
T46583,0.26,0.97,0.762,0.207,0.137,ja,26-35,couple,0.334|0.202|0.232|0.384|0.162|0.161|0.229|0.120|0.953|0.731|0.763|0.643|0.701|0.551|0.849|0.523|0.454|0.429|0.348|0.654|0.591|0.315|0.137|0.188
T79533,0.371,0.466,0.425,0.297,0.777,th,65+,solo,0.146|0.238|0.196|0.357|0.467|0.198|0.116|0.454|0.567|0.857|0.379|0.480|0.807|0.317|0.662|0.839|0.660|0.656|0.641|0.508|0.756|0.228|0.133|0.138
T92511,0.977,0.819,0.58,0.664,0.29,de,51-65,solo,0.182|0.431|0.451|0.397|0.274|0.427|0.129|0.374|0.317|0.802|0.327|0.351|0.425|0.476|0.349|0.875|0.938|0.585|0.616|0.583|0.521|0.256|0.147|0.102
T56884,0.776,0.251,0.771,0.141,0.863,zh,36-50,family,0.343|0.213|0.471|0.253|0.429|0.112|0.163|0.188|0.823|0.858|0.895|0.506|0.744|0.509|0.921|0.976|0.907|0.754|0.970|0.308|0.912|0.157|0.117|0.329
T55069,0.515,0.638,0.177,0.289,0.767,de,51-65,couple,0.164|0.188|0.434|0.178|0.173|0.420|0.441|0.441|0.953|0.996|0.623|0.685|0.503|0.347|0.369|0.808|0.641|0.532|0.390|0.759|0.370|0.348|0.460|0.227
T57774,0.561,0.693,0.375,0.626,0.609,ko,51-65,couple,0.102|0.198|0.189|0.396|0.274|0.436|0.154|0.393|0.915|0.624|0.551|0.514|0.686|0.423|0.725|0.889|0.901|0.398|0.677|0.484|0.920|0.131|0.130|0.107
T14804,0.606,0.225,0.624,0.465,0.631,ja,65+,group,0.362|0.159|0.257|0.457|0.336|0.443|0.154|0.300|0.363|0.555|0.307|0.467|0.975|0.987|0.779|0.830|0.398|0.411|0.696|0.696|0.911|0.158|0.393|0.476
T97632,0.232,0.809,0.309,0.338,0.311,de,65+,family,0.255|0.467|0.453|0.116|0.359|0.141|0.487|0.353|0.491|0.819|0.705|0.699|0.564|0.565|0.711|0.929|0.354|0.476|0.981|0.456|0.584|0.427|0.238|0.417
T77441,0.91,0.205,0.894,0.496,0.307,ja,26-35,couple,0.175|0.245|0.387|0.147|0.192|0.424|0.388|0.293|0.635|0.447|0.413|0.883|0.316|0.330|0.701|0.413|0.741|0.327|0.701|0.339|0.481|0.172|0.483|0.340
T21239,0.651,0.215,0.748,0.696,0.355,de,51-65,group,0.447|0.168|0.432|0.340|0.418|0.428|0.173|0.364|0.485|0.807|0.540|0.617|0.713|0.461|0.570|0.376|0.442|0.902|0.653|0.594|0.405|0.139|0.290|0.346
T27082,0.231,0.827,0.553,0.206,0.534,en,51-65,group,0.248|0.117|0.312|0.192|0.421|0.416|0.252|0.336|0.819|0.833|0.788|0.368|0.394|0.634|0.463|0.901|0.498|0.914|0.586|0.432|0.796|0.416|0.331|0.147
T30287,0.206,0.724,0.719,0.384,0.426,ru,65+,family,0.205|0.314|0.326|0.345|0.497|0.259|0.181|0.321|0.690|0.425|0.691|0.639|0.992|0.704|0.842|0.579|0.397|0.905|0.383|0.461|0.848|0.480|0.140|0.303
T61000,0.829,0.841,0.653,0.716,0.147,en,18-25,couple,0.289|0.340|0.135|0.205|0.248|0.344|0.390|0.472|0.580|0.759|0.501|0.974|0.340|0.842|0.423|0.646|0.307|0.895|0.952|0.663|0.436|0.414|0.304|0.379
T21382,0.692,0.739,0.424,0.69,0.978,ja,51-65,family,0.368|0.262|0.180|0.106|0.381|0.468|0.320|0.390|0.691|0.708|0.543|0.871|0.458|0.974|0.618|0.583|0.303|0.423|0.654|0.691|0.652|0.236|0.147|0.305
T59424,0.406,0.63,0.814,0.325,0.498,th,26-35,family,0.484|0.284|0.284|0.335|0.111|0.147|0.127|0.353|0.996|0.774|0.461|0.521|0.969|0.662|0.307|0.883|0.474|0.365|0.772|0.875|0.353|0.473|0.291|0.241
T75404,0.915,0.415,0.952,0.715,0.919,de,26-35,couple,0.449|0.183|0.181|0.200|0.347|0.162|0.143|0.468|0.773|0.764|0.730|0.835|0.679|0.330|0.638|0.734|0.645|0.990|0.928|0.908|0.644|0.494|0.466|0.212
T80879,0.378,0.661,0.149,0.819,0.53,en,65+,family,0.257|0.375|0.170|0.491|0.379|0.284|0.376|0.105|0.448|0.707|0.528|0.729|0.482|0.684|0.466|0.630|0.729|0.556|0.649|0.447|0.790|0.249|0.442|0.212
T45382,0.344,0.305,0.618,0.306,0.19,de,65+,group,0.443|0.178|0.420|0.395|0.289|0.104|0.269|0.154|0.925|0.741|0.674|0.521|0.641|0.476|0.901|0.333|0.369|0.414|0.451|0.478|0.887|0.139|0.398|0.204
T56018,0.488,0.646,0.829,0.41,0.471,de,65+,couple,0.492|0.214|0.230|0.304|0.410|0.279|0.131|0.345|0.625|0.970|0.908|0.748|0.950|0.595|0.729|0.583|0.935|0.355|0.541|0.519|0.757|0.384|0.342|0.258
T69020,0.91,0.825,0.945,0.773,0.569,ru,26-35,couple,0.442|0.150|0.194|0.201|0.398|0.400|0.184|0.259|0.367|0.956|0.631|0.338|0.840|0.667|0.997|0.373|0.733|0.359|0.952|0.573|0.461|0.395|0.277|0.151
T72410,0.621,0.336,0.132,0.421,0.924,th,65+,family,0.319|0.154|0.479|0.316|0.336|0.283|0.400|0.451|0.604|0.748|0.674|0.936|0.637|0.459|0.363|0.516|0.589|0.409|0.307|0.666|0.831|0.155|0.215|0.314
T48393,0.75,0.594,0.78,0.37,0.789,de,18-25,family,0.175|0.453|0.275|0.200|0.386|0.358|0.431|0.188|0.355|0.738|0.662|0.860|0.729|0.786|0.490|0.754|0.672|0.488|0.432|0.348|0.396|0.144|0.282|0.281
T12900,0.76,0.594,0.389,0.237,0.973,fr,18-25,family,0.208|0.386|0.391|0.193|0.160|0.297|0.237|0.225|0.860|0.999|0.625|0.854|0.531|0.890|0.966|0.339|0.843|0.350|0.629|0.435|0.889|0.427|0.431|0.149
T14392,0.815,0.399,0.794,0.499,0.764,de,51-65,solo,0.308|0.493|0.289|0.373|0.225|0.229|0.352|0.117|0.956|0.665|0.477|0.747|0.439|0.921|0.905|0.452|0.379|0.743|0.527|0.417|0.493|0.148|0.416|0.104
T21728,0.234,0.827,0.528,0.637,0.434,de,26-35,group,0.137|0.347|0.472|0.499|0.350|0.124|0.358|0.381|0.854|0.388|0.463|0.987|0.852|0.830|0.864|0.607|0.435|0.782|0.551|0.394|0.929|0.294|0.275|0.218
T46087,0.758,0.352,0.268,0.413,0.759,fr,18-25,couple,0.280|0.428|0.317|0.282|0.410|0.302|0.393|0.453|0.734|0.555|0.734|0.524|0.344|0.977|0.873|0.433|0.778|0.836|0.408|0.498|0.587|0.229|0.139|0.364
T35115,0.235,0.95,0.261,0.128,0.196,zh,18-25,group,0.363|0.310|0.381|0.202|0.247|0.342|0.128|0.472|0.446|0.644|0.923|0.356|0.861|0.342|0.691|0.957|0.591|0.558|0.796|0.877|0.486|0.116|0.128|0.222
T34832,0.956,0.968,0.187,0.753,0.578,de,65+,couple,0.328|0.479|0.323|0.323|0.398|0.407|0.331|0.370|0.792|0.599|0.373|0.855|0.685|0.653|0.760|0.674|0.720|0.953|0.932|0.685|0.998|0.438|0.265|0.353
T82120,0.861,0.459,0.317,0.591,0.438,ja,36-50,group,0.279|0.259|0.391|0.493|0.338|0.307|0.497|0.221|0.510|0.455|0.899|0.315|0.875|0.783|0.493|0.688|0.689|0.948|0.408|0.326|0.549|0.155|0.247|0.333
T20118,0.386,0.849,0.183,0.46,0.926,ko,51-65,couple,0.295|0.460|0.381|0.428|0.138|0.357|0.115|0.423|0.567|0.846|0.945|0.534|0.916|0.604|0.951|0.384|0.839|0.823|0.895|0.950|0.744|0.353|0.122|0.310
T98294,0.455,0.652,0.394,0.728,0.238,ru,51-65,solo,0.189|0.216|0.258|0.153|0.133|0.329|0.120|0.260|0.360|0.651|0.842|0.391|0.394|0.692|0.642|0.757|0.437|0.731|0.815|0.472|0.350|0.411|0.229|0.470
T87840,0.272,0.737,0.481,0.413,0.389,en,36-50,couple,0.495|0.346|0.496|0.277|0.158|0.118|0.427|0.180|0.562|0.830|0.897|0.379|0.338|0.964|0.949|0.908|0.874|0.310|0.786|0.378|0.615|0.109|0.184|0.315
T28526,0.363,0.619,0.333,0.535,0.757,en,51-65,solo,0.202|0.124|0.180|0.379|0.209|0.286|0.478|0.127|0.762|0.764|0.939|0.552|0.376|0.505|0.918|0.571|0.986|0.656|0.797|0.933|0.639|0.339|0.135|0.180
T49967,0.973,0.649,0.741,0.136,0.93,ko,51-65,group,0.398|0.107|0.374|0.242|0.221|0.498|0.491|0.210|0.343|0.480|0.571|1.000|0.993|0.961|0.964|0.458|0.539|0.575|0.396|0.811|0.665|0.371|0.449|0.375
T68873,0.534,0.658,0.484,0.381,0.645,fr,26-35,couple,0.332|0.374|0.181|0.155|0.375|0.459|0.464|0.272|0.936|0.839|0.759|0.695|0.411|0.347|0.673|0.804|0.429|0.888|0.402|0.321|0.523|0.489|0.484|0.221
T34632,0.796,0.857,0.673,0.765,0.237,zh,26-35,couple,0.110|0.494|0.347|0.342|0.345|0.339|0.192|0.110|0.356|0.846|0.394|0.892|0.628|0.755|0.429|0.571|0.632|0.415|0.458|0.586|0.978|0.470|0.480|0.189
T67577,0.737,0.362,0.284,0.259,0.959,th,36-50,group,0.455|0.271|0.410|0.343|0.430|0.388|0.258|0.476|0.700|0.675|0.749|0.793|0.327|0.377|0.620|0.914|0.914|0.472|0.677|0.989|0.327|0.255|0.406|0.485
T31821,0.352,0.552,0.896,0.796,0.357,ru,36-50,solo,0.376|0.461|0.285|0.358|0.136|0.300|0.172|0.334|0.926|0.682|0.575|0.526|0.317|0.618|0.928|0.927|0.918|0.363|0.527|0.754|0.798|0.166|0.393|0.136
T77065,0.765,0.707,0.177,0.737,0.754,fr,51-65,group,0.118|0.168|0.234|0.449|0.445|0.165|0.158|0.408|0.336|0.516|0.811|0.973|0.502|0.426|0.929|0.972|0.302|0.836|0.309|0.648|0.649|0.423|0.343|0.297
T10861,0.373,0.728,0.508,0.498,0.641,de,65+,family,0.348|0.323|0.430|0.120|0.159|0.361|0.115|0.442|0.767|0.887|0.509|0.944|0.334|0.592|0.425|0.770|0.728|0.784|0.716|0.851|0.424|0.282|0.332|0.473
T66010,0.275,0.439,0.432,0.441,0.161,zh,36-50,group,0.154|0.378|0.210|0.311|0.310|0.378|0.345|0.144|0.811|0.740|0.991|0.639|0.782|0.954|0.990|0.501|0.726|0.522|0.668|0.997|0.548|0.152|0.325|0.308
T35369,0.705,0.594,0.262,0.648,0.738,en,18-25,solo,0.286|0.419|0.395|0.183|0.346|0.266|0.118|0.240|0.864|0.449|0.748|0.783|0.478|0.347|0.510|0.685|0.837|0.380|0.533|0.577|0.698|0.484|0.433|0.178
T27793,0.867,0.938,0.531,0.527,0.132,th,26-35,group,0.457|0.315|0.234|0.414|0.266|0.397|0.434|0.220|0.807|0.521|0.675|0.446|0.780|0.860|0.922|0.548|0.979|0.496|0.322|0.989|0.739|0.437|0.328|0.256
T14145,0.676,0.892,0.776,0.735,0.383,ja,51-65,solo,0.299|0.195|0.281|0.480|0.186|0.221|0.145|0.414|0.844|0.939|0.611|0.317|0.638|0.650|0.433|0.947|0.813|0.667|0.843|0.400|0.910|0.429|0.475|0.371
T10538,0.306,0.78,0.513,0.742,0.57,ja,18-25,solo,0.233|0.456|0.141|0.406|0.398|0.109|0.403|0.356|0.447|0.440|0.501|0.673|0.841|0.770|0.491|0.410|0.380|0.971|0.692|0.372|0.680|0.320|0.208|0.477
T80854,0.843,0.659,0.254,0.38,0.903,th,18-25,couple,0.112|0.461|0.120|0.253|0.134|0.257|0.382|0.457|0.741|0.783|0.612|0.549|0.533|0.439|0.831|0.867|0.355|0.946|0.835|0.697|0.365|0.421|0.379|0.139
T28837,0.448,0.716,0.79,0.523,0.953,ja,36-50,group,0.173|0.467|0.232|0.444|0.230|0.295|0.126|0.145|0.635|0.892|0.498|0.544|0.702|0.656|0.584|0.800|0.375|0.689|0.350|0.511|0.623|0.336|0.195|0.197
T66511,0.327,0.586,0.159,0.287,0.725,ru,65+,family,0.318|0.194|0.365|0.131|0.472|0.330|0.295|0.337|0.624|0.689|0.875|0.423|0.969|0.349|0.376|0.870|0.840|0.565|0.646|0.762|0.363|0.427|0.455|0.461
T61115,0.709,0.2,0.232,0.234,0.578,th,26-35,couple,0.373|0.227|0.328|0.465|0.222|0.477|0.274|0.493|0.541|0.363|0.306|0.990|0.583|0.389|0.506|0.558|0.684|0.337|0.792|0.875|0.551|0.444|0.446|0.194
T81449,0.762,0.515,0.386,0.445,0.443,de,26-35,group,0.156|0.322|0.437|0.244|0.267|0.215|0.449|0.150|0.308|0.754|0.401|0.919|0.761|0.982|0.395|0.396|0.864|0.902|0.926|0.787|0.951|0.349|0.282|0.270
T75294,0.856,0.508,0.303,0.482,0.107,de,65+,family,0.264|0.318|0.247|0.491|0.327|0.382|0.145|0.293|0.783|0.399|0.812|0.989|0.989|0.845|0.625|0.355|0.923|0.362|0.631|0.819|0.972|0.131|0.353|0.419
T77195,0.45,0.242,0.409,0.801,0.522,th,65+,family,0.268|0.484|0.419|0.216|0.114|0.469|0.400|0.391|0.695|0.343|0.631|0.418|0.336|0.993|0.866|0.737|0.501|0.358|0.654|0.896|0.494|0.153|0.212|0.443
T68543,0.211,0.289,0.257,0.633,0.236,ko,26-35,family,0.413|0.194|0.172|0.311|0.113|0.494|0.487|0.338|0.875|0.886|0.827|0.589|0.568|0.762|0.808|0.417|0.704|0.889|0.338|0.485|0.874|0.121|0.286|0.290
T61127,0.581,0.959,0.93,0.31,0.715,th,36-50,couple,0.312|0.274|0.216|0.419|0.253|0.226|0.312|0.482|0.368|0.672|0.548|0.891|0.727|0.756|0.491|0.489|0.862|0.479|0.709|0.623|0.773|0.197|0.369|0.408
T11110,0.616,0.742,0.994,0.382,0.11,zh,18-25,group,0.139|0.142|0.278|0.188|0.213|0.177|0.109|0.137|0.957|0.760|0.885|0.965|0.747|0.796|0.384|0.900|0.391|0.759|0.930|0.696|0.977|0.458|0.378|0.201
T65965,0.574,0.949,0.675,0.93,0.349,ko,36-50,couple,0.412|0.211|0.125|0.255|0.498|0.203|0.425|0.171|0.349|0.986|0.440|0.575|0.752|0.376|0.678|0.602|0.730|0.374|0.609|0.481|0.324|0.128|0.391|0.411
T61181,0.215,0.598,0.688,0.101,0.134,ja,26-35,family,0.462|0.330|0.306|0.476|0.296|0.274|0.438|0.412|0.850|0.678|0.302|0.968|0.873|0.637|0.697|0.955|0.551|0.777|0.580|0.743|0.971|0.136|0.314|0.484
T15155,0.264,0.568,0.79,0.683,0.259,ru,26-35,family,0.378|0.459|0.352|0.244|0.134|0.353|0.394|0.156|0.435|0.804|0.715|0.642|0.344|0.678|0.515|0.674|0.884|0.615|0.997|0.326|0.339|0.415|0.117|0.147
T29523,0.846,0.734,0.513,0.71,0.887,de,18-25,solo,0.394|0.296|0.108|0.463|0.347|0.197|0.360|0.106|0.743|0.933|0.875|0.368|0.728|0.885|0.345|0.872|0.380|0.716|0.731|0.344|0.442|0.235|0.434|0.395
T37948,0.522,0.297,0.716,0.591,0.389,en,65+,couple,0.234|0.148|0.156|0.266|0.379|0.321|0.275|0.470|0.328|0.370|0.893|0.729|0.844|0.311|0.641|0.304|0.426|0.362|0.756|0.921|0.591|0.423|0.409|0.377
T90024,0.365,0.712,0.571,0.471,0.944,en,65+,couple,0.387|0.345|0.135|0.431|0.220|0.268|0.323|0.177|0.991|0.984|0.733|0.904|0.991|0.655|0.625|0.739|0.446|0.337|0.379|0.404|0.891|0.465|0.299|0.164
T90847,0.938,0.243,0.428,0.289,0.326,th,18-25,solo,0.396|0.470|0.170|0.414|0.294|0.146|0.458|0.389|0.715|0.528|0.439|0.774|0.528|0.845|0.528|0.369|0.816|0.909|0.563|0.454|0.630|0.294|0.456|0.158
T92840,0.942,0.564,0.449,0.223,0.748,ko,36-50,couple,0.234|0.113|0.327|0.212|0.144|0.286|0.267|0.404|0.454|0.507|0.410|0.856|0.967|0.934|0.705|0.687|0.461|0.588|0.665|0.904|0.452|0.289|0.285|0.106
T87564,0.542,0.898,0.323,0.491,0.3,fr,65+,solo,0.267|0.118|0.497|0.393|0.302|0.270|0.258|0.424|0.788|0.369|0.647|0.358|0.827|0.785|0.585|0.453|0.551|0.467|0.999|0.311|0.768|0.165|0.284|0.328
T34241,0.667,0.981,0.517,0.225,0.733,ko,51-65,solo,0.444|0.128|0.457|0.233|0.113|0.270|0.208|0.478|0.680|0.856|0.851|0.357|0.917|0.815|0.338|0.962|0.772|0.922|0.378|0.556|0.733|0.246|0.170|0.324
T24884,0.254,0.767,0.284,0.983,0.315,th,65+,couple,0.401|0.404|0.228|0.459|0.301|0.269|0.122|0.249|0.617|0.651|0.881|0.629|0.672|0.878|0.930|0.616|0.558|0.771|0.785|0.985|0.918|0.175|0.454|0.135
T24683,0.513,0.343,0.962,0.169,0.248,fr,51-65,couple,0.450|0.308|0.351|0.217|0.488|0.317|0.153|0.239|0.611|0.751|0.504|0.344|0.910|0.463|0.963|0.751|0.588|0.540|0.752|0.528|0.715|0.379|0.437|0.278
T73470,0.443,0.306,0.81,0.255,0.334,ko,36-50,solo,0.159|0.214|0.482|0.347|0.164|0.314|0.173|0.170|0.796|0.933|0.856|0.413|0.382|0.996|0.702|0.609|0.559|0.444|0.795|0.766|0.985|0.159|0.279|0.490
T70036,0.627,0.297,0.122,0.938,0.792,ko,26-35,solo,0.488|0.318|0.303|0.359|0.218|0.458|0.488|0.402|0.996|0.767|0.860|0.810|0.946|0.537|0.379|0.635|0.328|0.775|0.382|0.317|0.732|0.188|0.243|0.231
T35652,0.687,0.356,0.574,0.803,0.79,en,18-25,group,0.371|0.483|0.490|0.258|0.296|0.341|0.305|0.122|0.767|0.578|0.801|0.599|0.570|0.309|0.541|0.516|0.612|0.693|0.451|0.921|0.819|0.266|0.277|0.166
T88372,0.782,0.918,0.756,0.473,0.852,zh,26-35,couple,0.221|0.495|0.310|0.234|0.473|0.336|0.250|0.103|0.747|0.491|0.422|0.623|0.698|0.940|0.439|0.883|0.503|0.643|0.876|0.511|0.710|0.298|0.396|0.190
T26276,0.833,0.323,0.37,0.676,0.673,ja,51-65,couple,0.297|0.375|0.198|0.148|0.211|0.498|0.127|0.398|0.707|0.696|0.908|0.740|0.633|0.786|0.384|0.659|0.703|0.892|0.414|0.341|0.524|0.451|0.154|0.165
T79417,0.418,0.536,0.921,0.42,0.361,zh,65+,couple,0.407|0.173|0.138|0.401|0.317|0.449|0.431|0.374|0.511|0.780|0.782|0.367|0.706|0.876|0.309|0.663|0.561|0.639|0.538|0.938|0.372|0.162|0.188|0.175
T82235,0.918,0.691,0.848,0.573,0.579,zh,51-65,group,0.466|0.147|0.152|0.107|0.239|0.376|0.156|0.277|0.991|0.666|0.979|0.421|0.513|0.821|0.383|0.390|0.786|0.782|0.515|0.447|0.987|0.270|0.405|0.145
T96479,0.215,0.587,0.488,0.277,0.13,en,51-65,solo,0.463|0.117|0.221|0.104|0.139|0.150|0.341|0.335|0.440|0.769|0.320|0.402|0.822|0.494|0.706|0.547|0.899|0.847|0.729|0.653|0.348|0.428|0.405|0.312
T22934,0.773,0.971,0.255,0.779,0.104,de,65+,group,0.247|0.336|0.276|0.483|0.172|0.242|0.252|0.186|0.459|0.379|0.989|0.387|0.377|0.395|0.834|0.793|0.690|0.328|0.530|0.381|0.499|0.340|0.225|0.490
T19123,0.555,0.643,0.362,0.87,0.27,th,36-50,couple,0.105|0.370|0.369|0.259|0.309|0.371|0.148|0.258|0.787|0.984|0.819|0.925|0.418|0.555|0.439|0.440|0.891|0.583|0.463|0.597|0.649|0.406|0.406|0.337
T63011,0.805,0.841,0.949,0.42,0.7,th,65+,family,0.159|0.282|0.149|0.296|0.192|0.477|0.112|0.395|0.881|0.649|0.319|0.425|0.723|0.529|0.512|0.736|0.832|0.763|0.664|0.645|0.626|0.217|0.299|0.302
T66414,0.634,0.848,0.586,0.116,0.788,zh,51-65,group,0.226|0.251|0.284|0.113|0.323|0.444|0.221|0.382|0.644|0.394|0.801|0.641|0.377|0.773|0.762|0.780|0.701|0.633|0.898|0.655|0.574|0.298|0.488|0.347
T58026,0.482,0.982,0.388,0.125,0.141,ko,65+,solo,0.406|0.350|0.252|0.271|0.497|0.265|0.123|0.198|0.464|0.518|0.359|0.782|0.908|0.380|0.419|0.677|0.326|0.760|0.596|0.660|0.595|0.108|0.288|0.109
T98488,0.453,0.656,0.39,0.188,0.54,de,36-50,group,0.301|0.406|0.236|0.346|0.245|0.274|0.299|0.439|0.851|0.888|0.675|0.501|0.333|0.997|0.581|0.458|0.820|0.364|0.891|0.366|0.536|0.127|0.420|0.290
T66742,0.368,0.837,0.686,0.372,0.824,ko,26-35,group,0.261|0.350|0.281|0.405|0.172|0.107|0.381|0.445|0.704|0.449|0.973|0.820|0.627|0.956|0.673|0.730|0.838|0.604|0.696|0.739|0.666|0.246|0.159|0.160
T18444,0.748,0.44,0.492,0.387,0.847,de,51-65,family,0.429|0.358|0.203|0.340|0.262|0.145|0.177|0.198|0.879|0.625|0.692|0.605|0.753|0.326|0.412|0.396|0.481|0.862|0.761|0.423|0.897|0.486|0.294|0.108
T63347,0.888,0.267,0.641,0.88,0.911,ko,18-25,group,0.477|0.390|0.156|0.145|0.394|0.473|0.309|0.432|0.965|0.952|0.476|0.919|0.467|0.386|0.865|0.531|0.709|0.573|0.824|0.465|0.596|0.158|0.170|0.488
T24806,0.552,0.403,0.631,0.541,0.437,ko,65+,group,0.290|0.199|0.211|0.414|0.158|0.290|0.247|0.223|0.752|0.934|0.324|0.818|0.859|0.338|0.942|0.770|0.477|0.569|0.747|0.790|0.932|0.374|0.314|0.195
T49438,0.554,0.206,0.965,0.935,0.926,zh,26-35,family,0.184|0.456|0.466|0.353|0.452|0.407|0.263|0.114|0.907|0.876|0.958|0.630|0.589|0.889|0.802|0.914|0.874|0.877|0.789|0.654|0.546|0.341|0.425|0.395
T94030,0.563,0.222,0.147,0.677,0.667,fr,18-25,group,0.180|0.222|0.330|0.144|0.200|0.385|0.407|0.360|0.391|0.716|0.587|0.958|0.616|0.911|0.393|0.421|0.715|0.529|0.497|0.359|0.557|0.257|0.251|0.434
T39977,0.656,0.217,0.121,0.603,0.651,zh,51-65,couple,0.205|0.441|0.120|0.347|0.340|0.160|0.483|0.168|0.697|0.310|0.668|0.841|0.950|0.879|0.646|0.457|0.442|0.962|0.869|0.486|0.823|0.253|0.273|0.183
T29129,0.372,0.859,0.754,0.27,0.262,en,36-50,family,0.194|0.280|0.199|0.333|0.359|0.134|0.288|0.449|0.982|0.578|0.449|0.568|0.596|0.718|0.351|0.690|0.336|0.952|0.630|0.548|0.724|0.368|0.421|0.384
T97983,0.848,0.204,0.554,0.443,0.98,ko,26-35,solo,0.332|0.204|0.301|0.472|0.451|0.153|0.227|0.312|0.399|0.382|0.331|0.390|0.910|0.884|0.823|0.948|0.498|0.914|0.729|0.833|0.485|0.225|0.457|0.226
T67670,0.996,0.811,0.236,0.868,0.692,en,26-35,couple,0.122|0.173|0.288|0.165|0.287|0.146|0.458|0.298|0.609|0.992|0.693|0.620|0.379|0.804|0.404|0.545|0.443|0.499|0.884|0.825|0.876|0.325|0.365|0.185
T42264,0.998,0.203,0.79,0.263,0.928,th,18-25,family,0.110|0.373|0.372|0.258|0.336|0.480|0.435|0.162|0.357|0.881|0.762|0.618|0.969|0.716|0.304|0.979|0.759|0.966|0.527|0.812|0.814|0.483|0.328|0.185
T88943,0.239,0.715,0.391,0.15,0.164,ru,18-25,group,0.202|0.196|0.408|0.260|0.108|0.183|0.255|0.261|0.753|0.968|0.408|0.509|0.861|0.815|0.945|0.933|0.722|0.551|0.367|0.557|0.440|0.278|0.255|0.207
T92665,0.68,0.272,0.48,0.431,0.268,ru,18-25,solo,0.305|0.489|0.371|0.359|0.385|0.472|0.311|0.359|0.359|0.628|0.355|0.861|0.510|0.989|0.779|0.510|0.474|0.599|0.698|0.686|0.942|0.305|0.304|0.265
T75987,0.572,0.776,0.832,0.42,0.627,en,18-25,group,0.172|0.173|0.257|0.133|0.451|0.219|0.335|0.282|0.769|0.737|0.486|0.977|0.910|0.431|0.430|0.823|0.723|0.910|0.374|0.674|0.304|0.147|0.169|0.291
T91067,0.753,0.895,0.969,0.642,0.538,ko,51-65,family,0.135|0.154|0.176|0.426|0.378|0.175|0.111|0.292|0.402|0.469|0.889|0.901|0.677|0.360|0.839|0.404|0.595|0.382|0.932|0.817|0.612|0.294|0.108|0.280
T23456,0.394,0.436,0.847,0.453,0.4,ru,51-65,group,0.395|0.338|0.322|0.216|0.295|0.294|0.336|0.345|0.775|0.872|0.642|0.800|0.670|0.595|0.521|0.344|0.925|0.592|0.631|0.646|0.957|0.239|0.379|0.108
T99780,0.43,0.354,0.409,0.309,0.298,ko,65+,group,0.152|0.217|0.385|0.484|0.433|0.369|0.394|0.418|0.860|0.891|0.735|0.498|0.824|0.767|0.390|0.440|0.724|0.371|0.591|0.996|0.513|0.184|0.119|0.107
T14190,0.905,0.486,0.243,0.845,0.905,zh,36-50,group,0.146|0.191|0.325|0.295|0.497|0.414|0.408|0.408|0.690|0.927|0.897|0.912|0.723|0.373|0.335|0.962|0.859|0.974|0.829|0.982|0.847|0.344|0.443|0.141
T57400,0.65,0.606,0.25,0.206,0.285,fr,36-50,group,0.405|0.299|0.448|0.162|0.245|0.428|0.149|0.181|0.979|0.838|0.305|0.884|0.632|0.501|0.420|0.486|0.801|0.591|0.741|0.472|0.827|0.312|0.415|0.155
T99417,0.543,0.934,0.908,0.957,0.565,ko,18-25,group,0.158|0.104|0.422|0.477|0.134|0.226|0.493|0.166|0.343|0.831|0.762|0.749|0.932|0.340|0.742|0.799|0.762|0.664|0.507|0.581|0.777|0.321|0.222|0.397
T62944,0.927,0.206,0.352,0.575,0.928,th,26-35,group,0.379|0.455|0.413|0.262|0.179|0.221|0.115|0.234|0.808|0.818|0.388|0.994|0.499|0.365|0.686|0.665|0.830|0.412|0.320|0.858|0.715|0.197|0.410|0.391
T56461,0.99,0.288,0.154,0.436,0.664,zh,18-25,solo,0.279|0.329|0.102|0.236|0.194|0.398|0.333|0.386|0.956|0.766|0.891|0.464|0.509|0.767|0.871|0.701|0.398|0.564|0.816|0.374|0.662|0.177|0.411|0.282
T27047,0.317,0.541,0.471,0.183,0.482,th,26-35,group,0.131|0.371|0.261|0.324|0.412|0.449|0.334|0.355|0.998|0.782|0.963|0.812|0.592|0.414|0.654|0.639|0.620|0.978|0.659|0.670|0.786|0.282|0.113|0.163
T58442,0.647,0.937,0.207,0.867,0.199,ja,18-25,couple,0.147|0.222|0.250|0.218|0.111|0.157|0.414|0.269|0.956|0.514|0.498|0.428|0.818|0.301|0.683|0.347|0.331|0.637|0.517|0.617|0.536|0.251|0.434|0.433
T29527,0.306,0.311,0.673,0.786,0.7,ko,18-25,group,0.255|0.460|0.236|0.118|0.368|0.277|0.211|0.135|0.416|0.317|0.741|0.840|0.516|0.752|0.751|0.360|0.969|0.679|0.830|0.970|0.665|0.400|0.301|0.107
T85963,0.727,0.625,0.966,0.347,0.285,th,18-25,family,0.261|0.118|0.445|0.109|0.275|0.266|0.444|0.227|0.480|0.380|0.370|0.418|0.401|0.479|0.363|0.515|0.585|0.418|0.730|0.528|0.319|0.123|0.256|0.228
T36549,0.53,0.459,0.438,0.845,0.209,de,65+,couple,0.297|0.401|0.254|0.146|0.124|0.286|0.263|0.294|0.585|0.464|0.920|0.488|0.974|0.773|0.472|0.688|0.850|0.513|0.585|0.359|0.745|0.181|0.487|0.249
T69210,0.988,0.826,0.584,0.481,0.92,en,18-25,group,0.484|0.348|0.361|0.167|0.124|0.469|0.209|0.200|0.776|0.999|0.890|0.449|0.888|0.497|0.413|0.674|0.349|0.363|0.789|0.881|0.808|0.500|0.451|0.184
T69338,0.604,0.842,0.896,0.951,0.672,ja,26-35,family,0.237|0.284|0.340|0.106|0.377|0.359|0.101|0.291|0.931|0.771|0.589|0.927|0.792|0.834|0.677|0.851|0.754|0.354|0.322|0.882|0.770|0.369|0.241|0.425
T11105,0.862,0.486,0.259,0.791,0.727,zh,51-65,family,0.474|0.278|0.189|0.108|0.212|0.469|0.243|0.136|0.729|0.512|0.802|0.464|0.646|0.554|0.497|0.933|0.795|0.446|0.437|0.875|0.577|0.448|0.328|0.298
T18566,0.641,0.728,0.609,0.714,0.609,fr,18-25,couple,0.204|0.328|0.191|0.309|0.413|0.177|0.371|0.497|0.785|0.673|0.477|0.692|0.618|0.957|0.749|0.960|0.336|0.957|0.603|0.997|0.492|0.372|0.287|0.245
T68833,0.807,0.907,0.302,0.35,0.478,ko,18-25,group,0.178|0.133|0.329|0.110|0.395|0.491|0.270|0.130|0.475|0.415|0.518|0.738|0.368|0.636|0.866|0.715|0.738|0.534|0.475|0.375|0.467|0.236|0.122|0.233
T91965,0.835,0.955,0.798,0.658,0.788,th,65+,solo,0.134|0.124|0.113|0.225|0.439|0.126|0.151|0.468|0.609|0.511|0.738|0.346|0.774|0.691|0.506|0.567|0.367|0.826|0.463|0.720|0.762|0.104|0.254|0.418
T69516,0.904,0.695,0.406,0.944,0.805,ko,65+,couple,0.143|0.105|0.385|0.337|0.436|0.462|0.150|0.304|0.549|0.637|0.735|0.430|0.396|0.331|0.389|0.709|0.659|0.756|0.550|0.709|0.679|0.158|0.288|0.341
T41114,0.433,0.976,0.566,0.692,0.23,en,51-65,family,0.178|0.180|0.463|0.414|0.237|0.367|0.378|0.493|0.720|0.532|0.705|0.974|0.731|0.593|0.414|0.618|0.852|0.330|0.454|0.303|0.456|0.192|0.350|0.196
T34149,0.788,0.962,0.398,0.766,0.285,en,36-50,solo,0.129|0.112|0.146|0.216|0.178|0.334|0.406|0.118|0.321|0.438|0.422|0.920|0.803|0.538|0.688|0.425|0.315|0.890|0.937|0.315|0.774|0.252|0.415|0.144
T79065,0.949,0.444,0.316,0.829,0.695,ru,18-25,solo,0.158|0.470|0.418|0.177|0.251|0.250|0.340|0.491|0.471|0.332|0.731|0.432|0.675|0.853|0.529|0.337|0.857|0.911|0.896|0.978|0.920|0.184|0.133|0.288
T76736,0.731,0.252,0.558,0.776,0.681,ko,51-65,group,0.172|0.385|0.310|0.293|0.482|0.290|0.332|0.355|0.853|0.755|0.445|0.926|0.616|0.464|0.453|0.598|0.564|0.410|0.890|0.478|0.359|0.401|0.218|0.308
T66689,0.384,0.233,0.561,0.403,0.506,ru,36-50,group,0.227|0.253|0.172|0.194|0.358|0.244|0.133|0.437|0.659|0.751|0.850|0.949|0.369|0.350|0.327|0.440|0.438|0.530|0.512|0.871|0.778|0.210|0.382|0.499
T49252,0.999,0.802,0.766,0.921,0.108,ja,36-50,group,0.478|0.429|0.403|0.105|0.362|0.496|0.481|0.446|0.459|0.806|0.447|0.464|0.711|0.687|0.628|0.870|0.538|0.360|0.892|0.600|0.959|0.267|0.275|0.441
T75509,0.224,0.311,0.886,0.375,0.764,ko,36-50,couple,0.268|0.374|0.261|0.411|0.315|0.230|0.109|0.414|0.946|0.408|0.967|0.531|0.741|0.722|0.725|0.907|0.986|0.443|0.573|0.674|0.432|0.143|0.328|0.281
T89084,0.916,0.275,0.194,0.598,0.129,th,18-25,couple,0.180|0.465|0.254|0.182|0.216|0.310|0.282|0.247|0.308|0.529|0.937|0.574|0.993|0.390|0.593|0.820|0.572|0.933|0.445|0.909|0.517|0.427|0.366|0.164
T36437,0.66,0.448,0.283,0.745,0.513,en,26-35,group,0.126|0.260|0.423|0.310|0.464|0.452|0.284|0.330|0.816|0.502|0.917|0.619|0.790|0.798|0.508|0.729|0.867|0.423|0.474|0.930|0.813|0.283|0.464|0.173
T45884,0.655,0.515,0.951,0.316,0.883,ja,18-25,couple,0.463|0.265|0.405|0.148|0.247|0.402|0.302|0.412|0.587|0.415|0.445|0.331|0.319|0.747|0.773|0.623|0.541|0.580|0.436|0.326|0.475|0.384|0.155|0.368
T67373,0.571,0.569,0.174,0.691,0.742,fr,51-65,family,0.437|0.168|0.107|0.140|0.218|0.314|0.256|0.131|0.835|0.774|0.407|0.551|0.452|0.324|0.773|0.451|0.788|0.886|0.868|0.749|0.801|0.459|0.256|0.223
T59105,0.242,0.204,0.795,0.79,0.936,de,26-35,solo,0.106|0.111|0.106|0.428|0.372|0.125|0.483|0.139|0.885|0.765|0.807|0.331|0.659|0.871|0.526|0.739|0.737|0.954|0.577|0.600|0.463|0.142|0.229|0.106
T46497,0.723,0.21,0.291,0.298,0.692,ko,18-25,solo,0.454|0.264|0.407|0.300|0.496|0.385|0.417|0.469|0.698|0.476|0.366|0.527|0.742|0.572|0.947|0.840|0.393|0.423|0.833|0.781|0.985|0.367|0.127|0.107
T11742,0.93,0.559,0.56,0.768,0.553,de,18-25,solo,0.224|0.395|0.403|0.348|0.124|0.250|0.219|0.161|0.443|0.327|0.946|0.719|0.962|0.817|0.530|0.495|0.751|0.832|0.665|0.984|0.754|0.215|0.109|0.439
T42550,0.465,0.394,0.585,0.916,0.699,de,65+,group,0.309|0.173|0.352|0.126|0.297|0.481|0.121|0.497|0.957|0.388|0.422|0.684|0.857|0.443|0.655|0.598|0.627|0.415|0.438|0.597|0.724|0.221|0.331|0.487
T59508,0.361,0.89,0.533,0.956,0.424,fr,51-65,group,0.269|0.344|0.273|0.162|0.482|0.293|0.405|0.271|0.358|0.935|0.510|0.676|0.687|0.423|0.566|0.514|0.498|0.693|0.637|0.533|0.800|0.178|0.466|0.102
T61727,0.889,0.784,0.437,0.464,0.474,ko,51-65,group,0.223|0.495|0.128|0.454|0.497|0.150|0.473|0.165|0.834|0.970|0.840|0.826|0.544|0.796|0.744|0.558|0.340|0.570|0.597|0.473|0.634|0.469|0.245|0.383
T29315,0.223,0.733,0.233,0.645,0.95,ja,26-35,couple,0.105|0.408|0.358|0.467|0.259|0.334|0.460|0.307|0.432|0.596|0.881|0.477|0.512|0.977|0.761|0.568|0.516|0.588|0.913|0.809|0.362|0.354|0.411|0.238
T32072,0.314,0.799,0.937,0.458,0.377,th,18-25,solo,0.128|0.379|0.310|0.362|0.393|0.168|0.250|0.382|0.439|0.427|0.964|0.615|0.870|0.430|0.341|0.428|0.831|0.482|0.932|0.586|0.739|0.350|0.447|0.166
T72638,0.435,0.502,0.349,0.408,0.627,th,18-25,solo,0.124|0.401|0.103|0.333|0.495|0.139|0.309|0.103|0.722|0.991|0.833|0.952|0.631|0.536|0.601|0.560|0.923|1.000|0.872|0.959|0.766|0.251|0.123|0.242
T28201,0.464,0.28,0.511,0.728,0.753,en,65+,solo,0.448|0.212|0.380|0.426|0.247|0.347|0.364|0.290|0.589|0.432|0.990|0.970|0.869|0.312|0.552|0.332|0.865|0.528|0.611|0.725|0.580|0.345|0.133|0.271
T60444,0.945,0.945,0.988,0.871,0.915,ja,65+,couple,0.385|0.448|0.450|0.414|0.387|0.113|0.299|0.135|0.883|0.997|0.991|0.627|0.927|0.969|0.638|0.678|0.470|0.419|0.961|0.790|0.374|0.497|0.112|0.472
T97897,0.461,0.507,0.352,0.747,0.699,zh,26-35,group,0.136|0.377|0.449|0.473|0.407|0.340|0.358|0.251|0.802|0.815|0.567|0.749|0.693|0.899|0.866|0.456|0.381|0.361|0.362|0.818|0.956|0.398|0.146|0.247
T80202,0.883,0.963,0.619,0.102,0.156,de,51-65,group,0.228|0.246|0.372|0.419|0.308|0.341|0.189|0.258|0.677|0.622|0.401|0.960|0.886|0.650|0.619|0.721|0.402|0.766|0.861|0.792|0.719|0.224|0.496|0.149
T59375,0.997,0.765,0.53,0.846,0.546,en,36-50,couple,0.431|0.184|0.393|0.424|0.380|0.121|0.446|0.172|0.641|0.574|0.989|0.761|0.894|0.994|0.684|0.536|0.775|0.993|0.830|0.574|0.669|0.213|0.379|0.178
T17094,0.885,0.515,0.218,0.777,0.622,ja,51-65,couple,0.331|0.277|0.293|0.459|0.184|0.422|0.178|0.360|0.554|0.899|0.371|0.850|0.901|0.564|0.988|0.776|0.418|0.339|0.549|0.632|0.962|0.147|0.306|0.235
T61989,0.547,0.319,0.75,0.321,0.207,th,36-50,couple,0.361|0.250|0.377|0.418|0.363|0.411|0.446|0.360|0.493|0.757|0.557|0.384|0.358|0.642|0.768|0.657|0.316|0.701|0.701|0.492|0.822|0.418|0.172|0.294
T80452,0.716,0.547,0.614,0.189,0.157,fr,51-65,solo,0.258|0.427|0.413|0.312|0.126|0.435|0.316|0.428|0.756|0.827|0.445|0.761|0.382|0.903|0.787|0.304|0.613|0.520|0.327|0.703|0.757|0.135|0.203|0.401
T96266,0.268,0.3,0.369,0.97,0.254,en,26-35,family,0.118|0.478|0.462|0.217|0.314|0.156|0.296|0.225|0.938|0.998|0.724|0.657|0.782|0.764|0.331|0.326|0.399|0.899|0.451|0.394|0.686|0.337|0.211|0.392
T69777,0.538,0.64,0.335,0.685,0.247,zh,36-50,group,0.476|0.157|0.182|0.352|0.208|0.353|0.358|0.386|0.695|0.753|0.658|0.415|0.875|0.521|0.851|0.565|0.975|0.473|0.489|0.672|0.779|0.263|0.232|0.136
T22838,0.927,0.822,0.232,0.818,0.346,ru,26-35,group,0.481|0.413|0.149|0.311|0.450|0.336|0.423|0.138|0.544|0.701|0.497|0.490|0.369|0.334|0.523|0.826|0.426|0.864|0.774|0.852|0.686|0.453|0.261|0.337
T84391,0.407,0.749,0.742,0.692,0.228,ja,18-25,family,0.383|0.200|0.343|0.383|0.173|0.494|0.419|0.301|0.493|0.599|0.959|0.917|0.870|0.514|0.901|0.963|0.585|0.519|0.363|0.356|0.811|0.478|0.166|0.123
T65572,0.795,0.643,0.544,0.887,0.966,fr,51-65,group,0.306|0.499|0.455|0.379|0.262|0.347|0.464|0.398|0.800|0.792|0.825|0.471|0.817|0.966|0.876|0.916|0.670|0.726|0.725|0.975|0.772|0.453|0.309|0.190
T59688,0.26,0.872,0.562,0.957,0.48,fr,36-50,solo,0.235|0.372|0.433|0.440|0.443|0.216|0.293|0.206|0.302|0.742|0.576|0.946|0.950|0.971|0.661|0.925|0.955|0.925|0.894|0.340|0.304|0.284|0.219|0.143
T35892,0.48,0.778,0.462,0.108,0.488,zh,65+,couple,0.264|0.465|0.103|0.408|0.200|0.288|0.250|0.246|0.925|0.675|0.489|0.993|0.759|0.608|0.398|0.823|0.304|0.919|0.796|0.377|0.499|0.153|0.268|0.232
T25570,0.225,0.733,0.954,0.964,0.985,ru,51-65,group,0.420|0.386|0.230|0.406|0.453|0.301|0.469|0.437|0.572|0.377|0.376|0.315|0.409|0.650|0.837|0.466|0.775|0.539|0.984|0.816|0.604|0.216|0.294|0.404
T44541,0.398,0.322,0.56,0.325,0.79,de,51-65,couple,0.290|0.413|0.141|0.392|0.344|0.175|0.442|0.352|0.404|0.384|0.581|0.492|0.435|0.402|0.312|0.440|0.905|0.566|0.667|0.790|0.986|0.189|0.270|0.125
T64797,0.542,0.241,0.199,0.427,0.949,de,36-50,solo,0.173|0.100|0.364|0.229|0.214|0.212|0.343|0.272|0.477|0.644|0.534|0.378|0.768|0.778|0.839|0.391|0.552|0.867|0.820|0.712|0.723|0.195|0.210|0.334
T95767,0.27,0.285,0.667,0.642,0.137,de,26-35,group,0.470|0.130|0.319|0.237|0.390|0.496|0.181|0.388|0.331|0.434|0.685|0.477|0.914|0.897|0.935|0.983|0.926|0.614|0.802|0.938|0.347|0.268|0.473|0.302
T84209,0.217,0.679,0.727,0.216,0.141,en,26-35,group,0.298|0.313|0.305|0.130|0.275|0.304|0.325|0.256|0.725|0.445|0.303|0.700|0.714|0.306|0.950|0.659|0.653|0.804|0.481|0.897|0.507|0.207|0.148|0.190
T27428,0.627,0.433,0.676,0.948,0.35,ja,18-25,couple,0.496|0.184|0.146|0.359|0.353|0.489|0.230|0.479|0.919|0.485|0.394|0.929|0.506|0.990|0.738|0.307|0.549|0.811|0.496|0.479|0.311|0.363|0.447|0.476
T92081,0.667,0.778,0.719,0.951,0.332,de,51-65,couple,0.230|0.182|0.352|0.443|0.258|0.278|0.392|0.274|0.404|0.635|0.647|0.622|0.871|0.423|0.699|0.960|0.426|0.497|0.517|0.920|0.872|0.375|0.175|0.157
T27995,0.541,0.564,0.681,0.462,0.752,en,65+,solo,0.251|0.108|0.431|0.405|0.358|0.117|0.199|0.133|0.400|0.739|0.309|0.976|0.970|0.374|0.815|0.537|0.795|0.442|0.636|0.694|0.611|0.165|0.233|0.162
T23476,0.245,0.754,0.665,0.211,0.842,ja,18-25,group,0.157|0.465|0.110|0.271|0.159|0.362|0.190|0.452|0.569|0.919|0.876|0.379|0.419|0.377|0.371|0.969|0.550|0.731|0.383|0.946|0.944|0.458|0.342|0.171
T49526,0.624,0.68,0.711,0.235,0.701,ja,36-50,solo,0.208|0.300|0.248|0.206|0.463|0.419|0.416|0.445|0.985|0.844|0.403|0.403|0.613|0.858|0.983|0.870|0.379|0.599|0.809|0.401|0.526|0.151|0.407|0.241
T28116,0.595,0.585,0.976,0.642,0.673,de,51-65,group,0.320|0.315|0.297|0.314|0.192|0.133|0.386|0.311|0.844|0.868|0.454|0.361|0.553|0.442|0.895|0.554|0.632|0.394|0.377|0.938|0.553|0.440|0.411|0.156
T37621,0.568,0.868,0.596,0.938,0.479,de,18-25,couple,0.147|0.378|0.157|0.393|0.378|0.270|0.122|0.142|0.707|0.634|0.716|0.411|0.403|0.399|0.472|0.309|0.882|0.592|0.836|0.629|0.398|0.311|0.480|0.288
T17864,0.778,0.555,0.68,0.112,0.2,en,65+,couple,0.301|0.104|0.433|0.372|0.450|0.322|0.432|0.468|0.651|0.797|0.597|0.410|0.981|0.665|0.985|0.388|0.448|0.733|0.453|0.429|0.822|0.324|0.437|0.427
T58690,0.575,0.451,0.678,0.845,0.248,ru,26-35,family,0.143|0.131|0.341|0.439|0.111|0.213|0.317|0.126|0.718|0.830|0.516|0.686|0.747|0.323|0.488|0.984|0.695|0.695|0.853|0.332|0.520|0.477|0.103|0.243
T26976,0.426,0.519,0.275,0.777,0.753,zh,36-50,group,0.459|0.301|0.301|0.410|0.109|0.418|0.291|0.448|0.326|0.413|0.778|0.355|0.738|0.967|0.462|0.451|0.777|0.399|0.803|0.995|0.651|0.497|0.343|0.309
T66479,0.815,0.558,0.218,0.362,0.661,en,51-65,couple,0.184|0.344|0.130|0.161|0.351|0.299|0.422|0.157|0.909|0.683|0.978|0.847|0.361|0.366|0.520|0.954|0.413|0.496|0.554|0.362|0.425|0.409|0.203|0.289
T84545,0.405,0.901,0.685,0.226,0.212,th,18-25,family,0.444|0.260|0.443|0.467|0.152|0.247|0.438|0.481|0.562|0.778|0.654|0.484|0.913|0.778|0.734|0.751|0.819|0.471|0.875|0.306|0.897|0.216|0.163|0.260
T94211,0.258,0.511,0.516,0.184,0.519,th,18-25,solo,0.172|0.143|0.484|0.259|0.273|0.261|0.126|0.237|0.723|0.449|0.819|0.380|0.618|0.682|0.964|0.402|0.449|0.698|0.991|0.842|0.344|0.423|0.416|0.491
T43039,0.371,0.369,0.121,0.783,0.481,fr,18-25,couple,0.128|0.262|0.219|0.385|0.449|0.310|0.368|0.204|0.881|0.365|0.931|0.539|0.827|0.415|0.544|0.593|0.633|0.782|0.412|0.788|0.548|0.377|0.256|0.104
T52432,0.826,0.678,0.17,0.701,0.655,ko,18-25,couple,0.459|0.474|0.300|0.227|0.417|0.370|0.205|0.389|0.992|0.960|0.900|0.744|0.747|0.705|0.326|0.822|0.431|0.788|0.842|0.721|0.451|0.184|0.176|0.372
T26350,0.964,0.496,0.427,0.372,0.376,th,51-65,group,0.264|0.241|0.317|0.309|0.406|0.145|0.170|0.271|0.424|0.716|0.680|0.567|0.892|0.782|0.606|0.498|0.734|0.948|0.900|0.997|0.864|0.142|0.360|0.347
T68209,0.529,0.597,0.777,0.935,0.19,en,36-50,group,0.185|0.411|0.321|0.146|0.443|0.480|0.240|0.418|0.625|0.936|0.751|0.849|0.577|0.958|0.848|0.655|0.487|0.761|0.515|0.932|0.937|0.369|0.102|0.464
T88636,0.226,0.221,0.811,0.857,0.567,ko,36-50,couple,0.484|0.497|0.197|0.489|0.177|0.358|0.431|0.421|0.704|0.390|0.745|0.984|0.422|0.933|0.662|0.606|0.370|0.861|0.653|0.742|0.849|0.437|0.351|0.204
T92430,0.642,0.959,0.283,0.184,0.494,fr,18-25,solo,0.329|0.110|0.394|0.493|0.354|0.411|0.175|0.361|0.455|0.436|0.888|0.808|0.865|0.565|0.482|0.336|0.358|0.401|0.316|0.989|0.907|0.144|0.471|0.149
T37259,0.313,0.41,0.263,0.17,0.86,ru,18-25,group,0.418|0.265|0.295|0.350|0.184|0.268|0.456|0.353|0.616|0.413|0.509|0.933|0.762|0.742|0.898|0.382|0.540|0.543|0.996|0.720|0.304|0.309|0.202|0.149
T57826,0.685,0.629,0.566,0.785,0.295,zh,26-35,solo,0.231|0.188|0.391|0.476|0.207|0.293|0.481|0.239|0.686|0.506|0.822|0.647|0.659|0.580|0.435|0.421|0.781|0.921|0.497|0.575|0.709|0.407|0.225|0.418
T51779,0.963,0.59,0.895,0.481,0.772,zh,65+,group,0.272|0.327|0.250|0.353|0.126|0.167|0.114|0.305|0.711|0.505|0.879|0.752|0.976|0.547|0.321|0.426|0.526|0.854|0.550|0.351|0.760|0.249|0.412|0.149
T40493,0.455,0.209,0.396,0.519,0.816,zh,51-65,family,0.341|0.311|0.141|0.211|0.343|0.453|0.444|0.130|0.925|0.595|0.829|0.522|0.524|0.438|0.862|0.649|0.993|0.595|0.387|0.420|0.529|0.253|0.331|0.214
T62797,0.715,0.885,0.989,0.92,0.356,en,65+,solo,0.235|0.107|0.288|0.432|0.266|0.220|0.227|0.238|0.356|0.842|0.646|0.333|0.509|0.989|0.645|0.749|0.937|0.890|0.956|0.372|0.457|0.430|0.155|0.497
T58349,0.889,0.779,0.304,0.179,0.752,en,18-25,family,0.453|0.117|0.119|0.222|0.205|0.375|0.417|0.252|0.789|0.947|0.708|0.384|0.524|0.404|0.709|0.895|0.927|0.746|0.768|0.665|0.468|0.291|0.296|0.212
T56269,0.818,0.586,0.183,0.79,0.74,de,26-35,solo,0.130|0.298|0.185|0.368|0.287|0.254|0.295|0.236|0.870|0.833|0.660|0.519|0.961|0.796|0.759|0.893|0.374|0.391|0.942|0.570|0.617|0.348|0.181|0.260
T23377,0.255,0.538,0.718,0.956,0.62,fr,51-65,solo,0.398|0.196|0.458|0.175|0.111|0.365|0.281|0.206|0.949|0.359|0.602|0.405|0.652|0.656|0.337|0.491|0.368|0.754|0.812|0.596|0.506|0.261|0.338|0.312
T38780,0.595,0.547,0.713,0.682,0.963,zh,18-25,solo,0.330|0.196|0.313|0.210|0.453|0.380|0.262|0.257|0.454|0.877|0.784|0.647|0.420|0.443|0.746|0.794|0.502|0.302|0.430|0.935|0.735|0.396|0.441|0.375
T11669,0.336,0.745,0.25,0.399,0.51,th,51-65,family,0.108|0.490|0.453|0.168|0.404|0.104|0.241|0.290|0.301|0.911|0.631|0.332|0.312|0.776|0.503|0.460|0.652|0.828|0.843|0.370|0.863|0.234|0.296|0.240
T49470,0.637,0.731,0.328,0.513,0.845,ko,65+,group,0.145|0.374|0.391|0.108|0.491|0.443|0.364|0.157|0.648|0.471|0.819|0.981|0.552|0.821|0.436|0.968|0.747|0.976|0.914|0.775|0.929|0.280|0.483|0.311
T46208,0.412,0.743,0.899,0.452,0.476,ja,26-35,solo,0.332|0.381|0.434|0.149|0.418|0.327|0.417|0.239|0.377|0.306|0.949|0.403|0.777|0.666|0.503|0.691|0.414|0.641|0.345|0.506|0.618|0.187|0.430|0.149
T28051,0.591,0.204,0.417,0.851,0.145,ko,36-50,couple,0.481|0.385|0.157|0.393|0.273|0.467|0.216|0.113|0.953|0.474|0.775|0.570|0.579|0.933|0.925|0.944|0.718|0.421|0.605|0.913|0.863|0.156|0.407|0.200
T70444,0.533,0.36,0.374,0.368,0.934,fr,51-65,group,0.138|0.311|0.378|0.302|0.374|0.243|0.242|0.287|0.973|0.623|0.939|0.318|0.837|0.362|0.398|0.935|0.851|0.706|0.561|0.735|0.930|0.451|0.121|0.438
T17123,0.301,0.736,0.517,0.787,0.566,zh,18-25,family,0.432|0.360|0.233|0.139|0.216|0.293|0.233|0.124|0.818|0.772|0.818|0.337|0.444|0.401|0.818|0.647|0.456|0.773|0.897|0.511|0.518|0.496|0.103|0.294
T22696,0.75,0.292,0.1,0.643,0.209,de,26-35,solo,0.289|0.433|0.278|0.122|0.149|0.262|0.493|0.428|0.889|0.683|0.875|0.777|0.902|0.732|0.603|0.745|0.429|0.873|0.760|0.420|0.819|0.319|0.290|0.216
T24068,0.734,0.967,0.544,0.701,0.452,th,51-65,group,0.159|0.213|0.148|0.256|0.332|0.114|0.360|0.363|0.611|0.936|0.548|0.398|0.918|0.621|0.306|0.411|0.650|0.903|0.448|0.932|0.668|0.305|0.170|0.161
T96303,0.725,0.651,0.514,0.873,0.226,ja,51-65,solo,0.466|0.358|0.251|0.289|0.364|0.330|0.471|0.410|0.668|0.391|0.527|0.969|0.544|0.732|0.583|0.331|0.896|0.411|0.368|0.374|0.954|0.291|0.404|0.493
T60342,0.847,0.786,0.313,0.91,0.257,ru,18-25,solo,0.345|0.146|0.439|0.129|0.405|0.343|0.436|0.469|0.525|0.789|0.564|0.992|0.702|0.440|0.477|0.606|0.500|0.441|0.413|0.870|0.866|0.177|0.333|0.352
T63480,0.735,0.363,0.829,0.904,0.424,zh,36-50,couple,0.373|0.483|0.391|0.311|0.176|0.183|0.431|0.300|0.550|0.930|0.897|0.861|0.607|0.738|0.912|0.698|0.389|0.662|0.371|0.649|0.336|0.316|0.109|0.429
T30691,0.432,0.863,0.451,0.422,0.885,ja,18-25,couple,0.441|0.473|0.300|0.260|0.123|0.379|0.144|0.288|0.942|0.484|0.321|0.537|0.483|0.534|0.835|0.398|0.683|0.814|0.947|0.764|0.915|0.194|0.129|0.479
T64557,0.923,0.762,0.789,0.132,0.983,zh,65+,group,0.479|0.208|0.117|0.114|0.303|0.360|0.273|0.221|0.895|0.980|0.315|0.339|0.842|0.868|0.674|0.902|0.777|0.817|0.687|0.336|0.836|0.378|0.272|0.271
T35381,0.31,0.55,0.907,0.984,0.431,ko,51-65,solo,0.195|0.137|0.104|0.265|0.401|0.423|0.314|0.118|0.861|0.911|0.475|0.340|0.340|0.607|0.498|0.520|0.722|0.923|0.999|0.391|0.578|0.363|0.363|0.131
T38873,0.951,0.365,0.735,0.832,0.908,th,36-50,family,0.412|0.217|0.361|0.311|0.207|0.379|0.301|0.122|0.930|0.794|0.735|0.496|0.442|0.396|0.983|0.461|0.819|0.448|0.561|0.871|0.399|0.491|0.379|0.360
T60354,0.563,0.291,0.549,0.13,0.35,ja,18-25,solo,0.212|0.344|0.298|0.445|0.254|0.118|0.182|0.174|0.602|0.337|0.514|0.679|0.543|0.318|0.726|0.925|0.946|0.935|0.867|0.714|0.830|0.236|0.432|0.274
T60870,0.542,0.783,0.762,0.151,0.198,ja,65+,group,0.270|0.388|0.408|0.204|0.484|0.287|0.497|0.195|0.935|0.496|0.778|0.492|0.999|0.840|0.507|0.700|0.327|0.492|0.488|0.475|0.757|0.409|0.105|0.223
T11162,0.729,0.869,0.863,0.499,0.116,th,18-25,family,0.292|0.438|0.187|0.123|0.476|0.211|0.344|0.226|0.345|0.426|0.836|0.493|0.908|0.389|0.741|0.403|0.733|0.335|0.380|0.327|0.779|0.444|0.332|0.117
T98917,0.774,0.249,0.743,0.333,0.332,ko,65+,solo,0.340|0.240|0.131|0.278|0.304|0.195|0.230|0.249|0.876|0.591|0.749|0.913|0.400|0.529|0.852|0.534|0.586|0.756|0.629|0.981|0.735|0.164|0.118|0.472
T76608,0.929,0.22,0.648,0.827,0.56,ko,26-35,group,0.432|0.113|0.391|0.252|0.499|0.131|0.131|0.474|0.457|0.652|0.702|0.684|0.593|0.813|0.893|0.669|0.336|0.631|0.667|0.609|0.488|0.434|0.217|0.198
T25127,0.394,0.814,0.426,0.51,0.773,de,51-65,group,0.245|0.241|0.302|0.466|0.361|0.342|0.280|0.268|0.699|0.879|0.388|0.676|0.844|0.585|0.709|0.397|0.482|0.501|0.520|0.357|0.595|0.493|0.330|0.353
T44521,0.818,0.92,0.889,0.114,0.209,th,18-25,couple,0.448|0.434|0.110|0.167|0.129|0.306|0.312|0.255|0.596|0.389|0.788|0.469|0.505|0.536|0.877|0.536|0.726|0.375|0.806|0.352|0.945|0.480|0.464|0.352
T87274,0.793,0.549,0.782,0.73,0.76,zh,26-35,solo,0.337|0.248|0.360|0.252|0.275|0.303|0.335|0.478|0.368|0.508|0.539|0.695|0.928|0.706|0.891|0.599|0.526|0.523|0.425|0.400|0.870|0.394|0.496|0.184
T25538,0.615,0.66,0.654,0.19,0.356,ja,36-50,group,0.276|0.454|0.215|0.467|0.496|0.401|0.470|0.367|0.399|0.445|0.887|0.828|0.319|0.932|0.972|0.678|0.859|0.305|0.883|0.318|0.442|0.477|0.328|0.393
T25720,0.617,0.865,0.365,0.199,0.736,th,51-65,group,0.205|0.446|0.497|0.393|0.147|0.241|0.132|0.417|0.809|0.529|0.655|0.493|0.741|0.659|0.844|0.795|0.520|0.947|0.603|0.953|0.856|0.227|0.437|0.364
T59310,0.902,0.229,0.671,0.107,0.223,de,26-35,family,0.288|0.294|0.175|0.299|0.153|0.354|0.135|0.307|0.806|0.450|0.604|0.643|0.728|0.797|0.327|0.782|0.729|0.742|0.464|0.544|0.671|0.482|0.451|0.436
T81226,0.9,0.734,0.541,0.667,0.638,th,36-50,solo,0.188|0.485|0.459|0.406|0.268|0.279|0.199|0.270|0.423|0.969|0.762|0.543|0.579|0.390|0.918|0.888|0.905|0.721|0.781|0.320|0.488|0.186|0.440|0.264
T65731,0.65,0.459,0.707,0.47,0.828,ru,36-50,solo,0.207|0.391|0.236|0.427|0.223|0.264|0.329|0.167|0.444|0.738|0.964|0.729|0.531|0.723|0.314|0.806|0.862|0.363|0.793|0.939|0.837|0.321|0.362|0.307
T40059,0.49,0.359,0.241,0.582,0.874,ja,26-35,family,0.233|0.186|0.393|0.476|0.114|0.108|0.476|0.141|0.579|0.639|0.410|0.511|0.461|0.841|0.473|0.491|0.387|0.849|0.759|0.392|0.818|0.208|0.134|0.130
T89281,0.778,0.81,0.474,0.113,0.847,fr,18-25,group,0.178|0.342|0.225|0.229|0.305|0.109|0.210|0.181|0.485|0.759|0.630|0.504|0.365|0.977|0.693|0.638|0.935|0.673|0.471|0.312|0.648|0.257|0.249|0.319
T58473,0.287,0.379,0.978,0.458,0.309,th,65+,solo,0.357|0.233|0.424|0.490|0.138|0.168|0.446|0.296|0.475|0.399|0.732|0.631|0.806|0.697|0.463|0.837|0.476|0.518|0.537|0.405|0.525|0.326|0.263|0.102
T95460,0.752,0.804,0.815,0.591,0.382,de,36-50,group,0.384|0.306|0.443|0.497|0.133|0.142|0.380|0.250|0.830|0.413|0.824|0.416|0.606|0.980|0.327|0.597|0.420|0.862|0.641|0.824|0.683|0.260|0.219|0.274
T58710,0.435,0.938,0.709,0.57,0.654,fr,26-35,family,0.309|0.182|0.346|0.386|0.308|0.200|0.285|0.474|0.949|0.804|0.897|0.395|0.667|0.881|0.307|0.591|0.405|0.347|0.984|0.518|0.431|0.378|0.315|0.232
T39626,0.249,0.575,0.241,0.415,0.603,ko,18-25,couple,0.210|0.428|0.447|0.334|0.222|0.350|0.261|0.202|0.679|0.762|0.354|0.407|0.811|0.496|0.484|0.372|0.858|0.711|0.836|0.531|0.840|0.337|0.211|0.423
T38369,0.897,0.735,0.526,0.251,0.805,zh,65+,couple,0.157|0.290|0.100|0.131|0.488|0.155|0.423|0.270|0.630|0.512|0.832|0.469|0.575|0.842|0.794|0.548|0.887|0.522|0.355|0.724|0.450|0.166|0.354|0.211
T25760,0.314,0.55,0.497,0.726,0.325,ru,36-50,couple,0.110|0.246|0.286|0.368|0.391|0.186|0.324|0.499|0.958|0.568|0.425|0.823|0.307|0.609|0.668|0.304|0.517|0.366|0.558|0.478|0.945|0.343|0.113|0.210
T84996,0.583,0.235,0.726,0.328,0.663,en,51-65,group,0.296|0.289|0.450|0.400|0.423|0.115|0.112|0.458|0.407|0.815|0.910|0.392|0.594|0.892|0.339|0.746|0.344|0.368|0.681|0.988|0.436|0.346|0.107|0.435
T58005,0.879,0.453,0.738,0.915,0.628,en,51-65,group,0.435|0.368|0.126|0.430|0.301|0.392|0.134|0.277|0.493|0.439|0.654|0.421|0.823|0.887|0.302|0.492|0.545|0.539|0.698|0.787|0.696|0.285|0.147|0.136
T11368,0.784,0.349,0.632,0.969,0.79,de,36-50,group,0.133|0.390|0.199|0.435|0.357|0.461|0.176|0.402|0.393|0.337|0.794|0.425|0.398|0.521|0.458|0.432|0.918|0.424|0.506|0.788|0.485|0.296|0.331|0.240
T86706,0.713,0.56,0.668,0.849,0.133,ru,26-35,couple,0.498|0.274|0.358|0.373|0.215|0.237|0.487|0.321|0.820|0.488|0.659|0.448|0.453|0.483|0.945|0.662|0.742|0.633|0.627|0.526|0.695|0.363|0.461|0.229
T54128,0.284,0.487,0.911,0.243,0.528,zh,26-35,family,0.223|0.287|0.174|0.109|0.424|0.283|0.330|0.274|0.580|0.884|0.477|0.561|0.537|0.775|0.510|0.980|0.914|0.834|0.931|0.655|0.595|0.410|0.482|0.260
T78692,0.223,0.61,0.93,0.898,0.969,de,65+,couple,0.152|0.233|0.484|0.488|0.224|0.406|0.421|0.283|0.416|0.301|0.403|0.918|0.511|0.356|0.465|0.442|0.363|0.471|0.779|0.892|0.562|0.291|0.238|0.288
T41816,0.749,0.759,0.922,0.702,0.848,zh,51-65,couple,0.227|0.474|0.260|0.231|0.213|0.370|0.449|0.339|0.674|0.543|0.769|0.979|0.319|0.920|0.425|0.465|0.554|0.651|0.301|0.719|0.579|0.131|0.192|0.300
T29758,0.235,0.442,0.184,0.446,0.262,ja,36-50,group,0.370|0.292|0.204|0.482|0.172|0.259|0.307|0.143|0.864|0.542|0.813|0.759|0.583|0.865|0.413|0.390|0.655|0.780|0.308|0.758|0.769|0.269|0.122|0.270
T72068,0.794,0.293,0.826,0.917,0.552,ko,65+,family,0.145|0.172|0.270|0.404|0.448|0.132|0.103|0.479|0.795|0.480|0.660|0.730|0.911|0.604|0.625|0.328|0.908|0.622|0.335|0.720|0.559|0.270|0.370|0.407
T49017,0.219,0.414,0.364,0.475,0.502,en,65+,solo,0.243|0.115|0.395|0.199|0.134|0.138|0.391|0.353|0.602|0.492|0.980|0.782|0.471|0.878|0.884|0.813|0.666|0.621|0.354|0.561|0.403|0.491|0.355|0.453
T65381,0.506,0.984,0.171,0.935,0.774,ru,18-25,couple,0.480|0.203|0.361|0.453|0.435|0.273|0.147|0.177|0.483|0.512|0.660|0.898|0.471|0.859|0.562|0.631|0.833|0.606|0.823|0.845|0.494|0.369|0.342|0.464
T27008,0.743,0.418,0.466,0.117,0.473,ja,36-50,group,0.340|0.490|0.227|0.189|0.107|0.230|0.125|0.215|0.798|0.879|0.712|0.744|0.530|0.572|0.951|0.309|0.538|0.542|0.611|0.623|0.820|0.184|0.379|0.369
T83574,0.405,0.226,0.867,0.971,0.668,ko,18-25,couple,0.399|0.312|0.222|0.400|0.281|0.287|0.162|0.334|0.737|0.695|0.591|0.835|0.826|0.499|0.821|0.993|0.563|0.676|0.565|0.964|0.386|0.258|0.185|0.144
T82098,0.431,0.892,0.79,0.986,0.981,ru,36-50,couple,0.267|0.340|0.228|0.245|0.142|0.454|0.484|0.405|0.522|0.675|0.575|0.901|0.646|0.625|0.878|0.615|0.947|0.424|0.502|0.673|0.534|0.286|0.169|0.463
T91117,0.507,0.722,0.977,0.469,0.673,de,26-35,solo,0.340|0.393|0.478|0.230|0.200|0.328|0.289|0.136|0.559|0.820|0.918|0.758|0.686|0.904|0.895|0.413|0.558|0.912|0.423|0.956|0.945|0.229|0.217|0.458
T33183,0.366,0.569,0.321,0.643,0.991,th,65+,solo,0.421|0.435|0.449|0.464|0.198|0.389|0.128|0.399|0.777|0.584|0.664|0.629|0.570|0.848|0.970|0.918|0.676|0.801|0.725|0.992|0.800|0.275|0.431|0.124
T77051,0.849,0.863,0.753,0.136,0.459,th,51-65,solo,0.141|0.439|0.403|0.332|0.417|0.389|0.247|0.363|0.399|0.470|0.638|0.485|0.531|0.786|0.621|0.796|0.827|0.830|0.540|0.782|0.531|0.280|0.203|0.210
T83864,0.229,0.312,0.57,0.123,0.892,ko,36-50,family,0.478|0.163|0.354|0.290|0.276|0.218|0.397|0.378|0.403|0.505|0.569|0.746|0.320|0.448|0.512|0.709|0.482|0.805|0.822|0.997|0.584|0.347|0.168|0.238
